SourceFile,AlbumArtist,Aperture,ApertureValue,ApplicationRecordVersion,AudioBitsPerSample,AudioChannels,AudioFormat,AudioSampleRate,Author,AvgBitrate,BackgroundColor,Balance,BitDepth,BitsPerSample,BrightnessValue,CircleOfConfusion,CleanApertureDimensions,CodedCharacterSet,ColorComponents,ColorRepresentation,ColorSpace,ColorType,CompatibleBrands,ComponentsConfiguration,CompressedBitsPerPixel,Compression,CompressorID,CompressorName,Contrast,CreateDate,CurrentIPTCDigest,CurrentTime,CustomRendered,DateCreated,DateTimeCreated,DateTimeOriginal,Description,DigitalCreationDate,DigitalCreationDateTime,DigitalCreationTime,DigitalZoomRatio,Directory,Displayname,Duration,EncodedPixelsDimensions,EncodingProcess,ExifByteOrder,ExifImageHeight,ExifImageWidth,ExifToolVersion,ExifVersion,ExposureCompensation,ExposureMode,ExposureProgram,ExposureTime,FileAccessDate,FileCreateDate,FileModifyDate,FileName,FilePermissions,FileSize,FileSource,FileType,FileTypeExtension,Filter,Flash,FlashpixVersion,FNumber,FocalLength,FocalLength35efl,FocalLengthIn35mmFormat,FontName,FOV,GainControl,GenBalance,GenFlags,GenGraphicsMode,GenMediaVersion,GenOpColor,GraphicsMode,HandlerClass,HandlerDescription,HandlerType,HandlerVendorID,HyperfocalDistance,ImageHeight,ImageSize,ImageUniqueID,ImageWidth,Interlace,InteropIndex,InteropVersion,IPTCDigest,ISO,JFIFVersion,Keyword,Keywords,LayoutFlags,LightSource,LightValue,MajorBrand,Make,MatrixStructure,MaxApertureValue,MediaCreateDate,MediaDuration,MediaHeaderVersion,MediaLanguageCode,MediaModifyDate,MediaTimeScale,Megapixels,MeteringMode,MIMEType,MinorVersion,Model,ModifyDate,MovieDataOffset,MovieDataSize,MovieHeaderVersion,NextTrackID,OpColor,Orientation,OtherFormat,PixelAspectRatio,PosterTime,PreferredRate,PreferredVolume,PreviewDuration,PreviewTime,ProductionApertureDimensions,PurchaseFileFormat,ResolutionUnit,Rotation,Saturation,ScaleFactor35efl,SceneCaptureType,SceneType,SelectionDuration,SelectionTime,SensingMethod,SerialNumber,Sharpness,ShutterSpeed,ShutterSpeedValue,Software,SourceImageHeight,SourceImageWidth,SRGBRendering,SubSecCreateDate,SubSecDateTimeOriginal,SubSecModifyDate,SubSecTime,SubSecTimeDigitized,SubSecTimeOriginal,TextColor,TextFace,TextFont,TextSize,ThumbnailImage,ThumbnailLength,ThumbnailOffset,TimeCode,TimeCreated,TimeScale,TimeStamp,Title,TrackCreateDate,TrackDuration,TrackHeaderVersion,TrackID,TrackLayer,TrackModifyDate,TrackVolume,UnknownThumbnail,UserComment,VendorID,VideoFieldOrder,VideoFrameRate,WhiteBalance,XMPToolkit,XResolution,YCbCrPositioning,YCbCrSubSampling,YResolution
00/170700_천년과정_통장사본(기억하는용기)_김진주.JPG,,2.8,,2,,,,,,,,,,8,,0.006 mm,,UTF8,3,,sRGB,,,"Y, Cb, Cr, -",4,,,,Normal,2009:06:26 13:57:51,b475c2cb8c3d3cfcd99f23b59ce89f03,,Normal,2009:06:26,2009:06:26 13:57:51,2009:06:26 13:57:51,,2009:06:26,2009:06:26 13:57:51,13:57:51,0,00,,,,"Baseline DCT, Huffman coding","Big-endian (Motorola, MM)",596,458,11.10,0221,0,Auto,Program AE,1/25,2018:10:16 20:12:18+09:00,2018:10:16 20:12:18+09:00,2017:08:25 13:36:31+09:00,170700_천년과정_통장사본(기억하는용기)_김진주.JPG,rw-rw-rw-,123 kB,Digital Camera,JPEG,jpg,,"Off, Did not fire",0100,2.8,6.3 mm,6.3 mm (35 mm equivalent: 34.0 mm),34 mm,,55.8 deg,Low gain up,,,,,,,,,,,2.55 m,596,458x596,,458,,,,b475c2cb8c3d3cfcd99f23b59ce89f03,200,1.01,,,,Unknown,6.6,,Panasonic,,2.8,,,,,,,0.273,Multi-segment,image/jpeg,,DMC-LX2,2009:06:26 13:57:51,,,,,,Horizontal (normal),,,,,,,,,,inches,,Normal,5.4,Standard,Directly photographed,,,One-chip color area,F380706070131,Normal,1/25,,,,,,,,,,,,,,,,,,,,13:57:51,,,,,,,,,,,,,,,,Auto,XMP Core 5.4.0,72,,YCbCr4:2:2 (2 1),72
00/170813_천년과정_경기천년사업 과정 아카이브 용역 사업자등록증_김정은.jpg,,,,,,,,,,,,,,8,,,,,3,,sRGB,,,,,,,,,,d41d8cd98f00b204e9800998ecf8427e,,,,,,,,,,,00,,,,"Baseline DCT, Huffman coding","Big-endian (Motorola, MM)",960,720,11.10,,,,,,2018:10:16 20:12:18+09:00,2018:10:16 20:12:18+09:00,2017:08:13 15:16:29+09:00,170813_천년과정_경기천년사업 과정 아카이브 용역 사업자등록증_김정은.jpg,rw-rw-rw-,86 kB,,JPEG,jpg,,,,,,,,,,,,,,,,,,,,,,960,720x960,,720,,,,d41d8cd98f00b204e9800998ecf8427e,,1.01,,,,,,,,,,,,,,,,0.691,,image/jpeg,,,,,,,,,Horizontal (normal),,,,,,,,,,None,,,,,,,,,,,,,,,,,,,,,,,,,,,,,,,,,,,,,,,,,,,,,,,,,72,,YCbCr4:2:0 (2 2),72
00/170814_천년과정_조사 수집 및 기록 가이드라인_기억하는용기(김진주) (1).jpg,,,,,,,,,,,,,8,,,,,,,,,RGB with Alpha,,,,Deflate/Inflate,,,,,,,,,,,,,,,,00,,,,,,,,11.10,,,,,,2018:10:16 20:12:18+09:00,2018:10:16 20:12:18+09:00,2017:08:14 18:50:26+09:00,170814_천년과정_조사 수집 및 기록 가이드라인_기억하는용기(김진주) (1).jpg,rw-rw-rw-,765 kB,,PNG,png,Adaptive,,,,,,,,,,,,,,,,,,,,,1403,992x1403,,992,Noninterlaced,,,,,,,,,,,,,,,,,,,,,1.4,,image/png,,,,,,,,,,,,,,,,,,,,,,,,,,,,,,,,,,,Perceptual,,,,,,,,,,,,,,,,,,,,,,,,,,,,,,,,,,,,
00/170814_천년과정_조사 수집 및 기록 가이드라인_기억하는용기(김진주) (2).jpg,,,,,,,,,,,,,8,,,,,,,,,RGB with Alpha,,,,Deflate/Inflate,,,,,,,,,,,,,,,,00,,,,,,,,11.10,,,,,,2018:10:16 20:12:18+09:00,2018:10:16 20:12:18+09:00,2017:08:14 18:50:29+09:00,170814_천년과정_조사 수집 및 기록 가이드라인_기억하는용기(김진주) (2).jpg,rw-rw-rw-,1192 kB,,PNG,png,Adaptive,,,,,,,,,,,,,,,,,,,,,1403,992x1403,,992,Noninterlaced,,,,,,,,,,,,,,,,,,,,,1.4,,image/png,,,,,,,,,,,,,,,,,,,,,,,,,,,,,,,,,,,Perceptual,,,,,,,,,,,,,,,,,,,,,,,,,,,,,,,,,,,,
00/170814_천년과정_조사 수집 및 기록 가이드라인_기억하는용기(김진주) (3).jpg,,,,,,,,,,,,,8,,,,,,,,,RGB with Alpha,,,,Deflate/Inflate,,,,,,,,,,,,,,,,00,,,,,,,,11.10,,,,,,2018:10:16 20:12:18+09:00,2018:10:16 20:12:18+09:00,2017:08:14 18:50:32+09:00,170814_천년과정_조사 수집 및 기록 가이드라인_기억하는용기(김진주) (3).jpg,rw-rw-rw-,1272 kB,,PNG,png,Adaptive,,,,,,,,,,,,,,,,,,,,,1403,992x1403,,992,Noninterlaced,,,,,,,,,,,,,,,,,,,,,1.4,,image/png,,,,,,,,,,,,,,,,,,,,,,,,,,,,,,,,,,,Perceptual,,,,,,,,,,,,,,,,,,,,,,,,,,,,,,,,,,,,
00/170915_천년과정_기록자 워크샵 1차 기록사진_기억하는용기(김진주) (1).jpg,,1.7,1.7,,,,,,,,,,,8,-0.59,0.005 mm,,,3,,sRGB,,,,,JPEG (old-style),,,,2017:09:12 14:02:41,,,,,,2017:09:12 14:02:41,,,,,,00,,,,"Baseline DCT, Huffman coding","Little-endian (Intel, II)",3024,4032,11.10,0220,0,Auto,Program AE,1/17,2018:10:16 20:12:18+09:00,2018:10:16 20:12:18+09:00,2017:09:12 14:02:42+09:00,170915_천년과정_기록자 워크샵 1차 기록사진_기억하는용기(김진주) (1).jpg,rw-rw-rw-,3.9 MB,,JPEG,jpg,,No Flash,0100,1.7,4.2 mm,4.2 mm (35 mm equivalent: 26.0 mm),26 mm,,69.4 deg,,,,,,,,,,,,2.14 m,3024,4032x3024,"C12LSII00SM C12LSJK01GM
",4032,,R98 - DCF basic file (sRGB),0100,,250,,,,,,4.3,,samsung,,1.7,,,,,,,12.2,Center-weighted average,image/jpeg,,SM-G930L,2017:09:12 14:02:41,,,,,,Horizontal (normal),,,,,,,,,,inches,,,6.2,Standard,,,,,,,1/17,1/17,G930LKLU1DQD3,,,,2017:09:12 14:02:41.0033,2017:09:12 14:02:41.0033,2017:09:12 14:02:41.0033,0033,0033,0033,,,,,(Binary data 25259 bytes),25259,1000,,,,2017:09:12 14:02:41+09:00,,,,,,,,,,,,,,Auto,,72,Centered,YCbCr4:2:2 (2 1),72
00/170915_천년과정_기록자 워크샵 1차 기록사진_기억하는용기(김진주) (2).jpg,,1.7,1.7,,,,,,,,,,,8,0.13,0.005 mm,,,3,,sRGB,,,,,JPEG (old-style),,,,2017:09:12 14:02:48,,,,,,2017:09:12 14:02:48,,,,,,00,,,,"Baseline DCT, Huffman coding","Little-endian (Intel, II)",3024,4032,11.10,0220,0,Auto,Program AE,1/24,2018:10:16 20:12:18+09:00,2018:10:16 20:12:18+09:00,2017:09:12 14:02:48+09:00,170915_천년과정_기록자 워크샵 1차 기록사진_기억하는용기(김진주) (2).jpg,rw-rw-rw-,3.7 MB,,JPEG,jpg,,No Flash,0100,1.7,4.2 mm,4.2 mm (35 mm equivalent: 26.0 mm),26 mm,,69.4 deg,,,,,,,,,,,,2.14 m,3024,4032x3024,"C12LSII00SM C12LSJK01GM
",4032,,R98 - DCF basic file (sRGB),0100,,200,,,,,,5.1,,samsung,,1.7,,,,,,,12.2,Center-weighted average,image/jpeg,,SM-G930L,2017:09:12 14:02:48,,,,,,Horizontal (normal),,,,,,,,,,inches,,,6.2,Standard,,,,,,,1/24,1/24,G930LKLU1DQD3,,,,2017:09:12 14:02:48.0601,2017:09:12 14:02:48.0601,2017:09:12 14:02:48.0601,0601,0601,0601,,,,,(Binary data 24986 bytes),24986,1000,,,,2017:09:12 14:02:48+09:00,,,,,,,,,,,,,,Auto,,72,Centered,YCbCr4:2:2 (2 1),72
00/170915_천년과정_기록자 워크샵 1차 기록사진_기억하는용기(김진주) (3).jpg,,1.7,1.7,,,,,,,,,,,8,-0.27,0.005 mm,,,3,,sRGB,,,,,JPEG (old-style),,,,2017:09:12 14:02:55,,,,,,2017:09:12 14:02:55,,,,,,00,,,,"Baseline DCT, Huffman coding","Little-endian (Intel, II)",3024,4032,11.10,0220,0,Auto,Program AE,1/20,2018:10:16 20:12:19+09:00,2018:10:16 20:12:19+09:00,2017:09:12 14:02:56+09:00,170915_천년과정_기록자 워크샵 1차 기록사진_기억하는용기(김진주) (3).jpg,rw-rw-rw-,4.0 MB,,JPEG,jpg,,No Flash,0100,1.7,4.2 mm,4.2 mm (35 mm equivalent: 26.0 mm),26 mm,,69.4 deg,,,,,,,,,,,,2.14 m,3024,4032x3024,"C12LSII00SM C12LSJK01GM
",4032,,R98 - DCF basic file (sRGB),0100,,200,,,,,,4.9,,samsung,,1.7,,,,,,,12.2,Center-weighted average,image/jpeg,,SM-G930L,2017:09:12 14:02:55,,,,,,Horizontal (normal),,,,,,,,,,inches,,,6.2,Standard,,,,,,,1/20,1/20,G930LKLU1DQD3,,,,2017:09:12 14:02:55.0069,2017:09:12 14:02:55.0069,2017:09:12 14:02:55.0069,0069,0069,0069,,,,,(Binary data 26313 bytes),26313,1000,,,,2017:09:12 14:02:55+09:00,,,,,,,,,,,,,,Auto,,72,Centered,YCbCr4:2:2 (2 1),72
00/170915_천년과정_기록자 워크샵 1차 기록사진_기억하는용기(김진주) (4).jpg,,1.7,1.7,,,,,,,,,,,8,-0.38,0.005 mm,,,3,,sRGB,,,,,JPEG (old-style),,,,2017:09:12 14:03:06,,,,,,2017:09:12 14:03:06,,,,,,00,,,,"Baseline DCT, Huffman coding","Little-endian (Intel, II)",3024,4032,11.10,0220,0,Auto,Program AE,1/20,2018:10:16 20:12:19+09:00,2018:10:16 20:12:19+09:00,2017:09:12 14:03:06+09:00,170915_천년과정_기록자 워크샵 1차 기록사진_기억하는용기(김진주) (4).jpg,rw-rw-rw-,3.4 MB,,JPEG,jpg,,No Flash,0100,1.7,4.2 mm,4.2 mm (35 mm equivalent: 26.0 mm),26 mm,,69.4 deg,,,,,,,,,,,,2.14 m,3024,4032x3024,"C12LSII00SM C12LSJK01GM
",4032,,R98 - DCF basic file (sRGB),0100,,250,,,,,,4.5,,samsung,,1.7,,,,,,,12.2,Spot,image/jpeg,,SM-G930L,2017:09:12 14:03:06,,,,,,Horizontal (normal),,,,,,,,,,inches,,,6.2,Standard,,,,,,,1/20,1/20,G930LKLU1DQD3,,,,2017:09:12 14:03:06.0270,2017:09:12 14:03:06.0270,2017:09:12 14:03:06.0270,0270,0270,0270,,,,,(Binary data 23331 bytes),23331,1000,,,,2017:09:12 14:03:06+09:00,,,,,,,,,,,,,,Auto,,72,Centered,YCbCr4:2:2 (2 1),72
00/170915_천년과정_기록자 워크샵 1차 기록사진_기억하는용기(김진주) (5).jpg,,1.7,1.7,,,,,,,,,,,8,0.24,0.005 mm,,,3,,sRGB,,,,,JPEG (old-style),,,,2017:09:12 14:03:17,,,,,,2017:09:12 14:03:17,,,,,,00,,,,"Baseline DCT, Huffman coding","Little-endian (Intel, II)",3024,4032,11.10,0220,0,Auto,Program AE,1/24,2018:10:16 20:12:19+09:00,2018:10:16 20:12:19+09:00,2017:09:12 14:03:18+09:00,170915_천년과정_기록자 워크샵 1차 기록사진_기억하는용기(김진주) (5).jpg,rw-rw-rw-,2.7 MB,,JPEG,jpg,,No Flash,0100,1.7,4.2 mm,4.2 mm (35 mm equivalent: 26.0 mm),26 mm,,69.4 deg,,,,,,,,,,,,2.14 m,3024,4032x3024,"C12LSII00SM C12LSJK01GM
",4032,,R98 - DCF basic file (sRGB),0100,,200,,,,,,5.1,,samsung,,1.7,,,,,,,12.2,Center-weighted average,image/jpeg,,SM-G930L,2017:09:12 14:03:17,,,,,,Horizontal (normal),,,,,,,,,,inches,,,6.2,Standard,,,,,,,1/24,1/24,G930LKLU1DQD3,,,,2017:09:12 14:03:17.0466,2017:09:12 14:03:17.0466,2017:09:12 14:03:17.0466,0466,0466,0466,,,,,(Binary data 22182 bytes),22182,1000,,,,2017:09:12 14:03:17+09:00,,,,,,,,,,,,,,Auto,,72,Centered,YCbCr4:2:2 (2 1),72
00/170926_천년과정_영상기록 업무현장 문화사업팀사무실_기억하는용기(김진주).mp4,,,,,16,2,mp4a,48000,김진주 ,17.9 Mbps,,0,24,,,,,,,nclx 1 1 1,,,"mp41, mp42, isom",,,,avc1,,,2018:09:11 06:40:21,,0 s,,,,,This video is about Untitled Project ,,,,,00,,0:00:51,,,,,,11.10,,,,,,2018:10:16 20:13:17+09:00,2018:10:16 20:13:17+09:00,2018:09:11 15:40:41+09:00,170926_천년과정_영상기록 업무현장 문화사업팀사무실_기억하는용기(김진주).mp4,rw-rw-rw-,111 MB,,MP4,mp4,,,,,,,,,,,,,,,,srcCopy,,Core Media Video,Video Track,,,1080,1920x1080,,1920,,,,,,,,,,,,MP4 v2 [ISO 14496-14],,1 0 0 0 1 0 0 0 1,,2018:09:11 06:40:21,0:00:51,0,und,2018:09:11 06:40:39,30000,2.1,,video/mp4,0.0.1,,2018:09:11 06:40:39,454676,115600021,0,3,0 0 0,,,1:1,0 s,1,100.00%,0 s,0 s,,,,0,,,,,0 s,0 s,,,,,,,1080,1920,,,,,,,,,,,,,,,,,30000,,Untitled Project ,2018:09:11 06:40:21,0:00:51,0,1,0,2018:09:11 06:40:39,100.00%,(Binary data 431627 bytes),,,Progressive; 0,29.97,,,72,,,72
00/171011_천년과정_영상기록 업무현장 문화사업팀회의_기억하는용기(김진주).mp4,,,,,16,2,mp4a,48000,김진주 ,19.1 Mbps,,0,24,,,,,,,nclx 1 1 1,,,"mp41, mp42, isom",,,,avc1,,,2018:09:11 06:38:00,,0 s,,,,,This video is about Untitled Project ,,,,,00,,0:01:19,,,,,,11.10,,,,,,2018:10:16 20:13:23+09:00,2018:10:16 20:13:23+09:00,2018:09:11 15:38:28+09:00,171011_천년과정_영상기록 업무현장 문화사업팀회의_기억하는용기(김진주).mp4,rw-rw-rw-,182 MB,,MP4,mp4,,,,,,,,,,,,,,,,srcCopy,,Core Media Video,Video Track,,,1080,1920x1080,,1920,,,,,,,,,,,,MP4 v2 [ISO 14496-14],,1 0 0 0 1 0 0 0 1,,2018:09:11 06:38:00,0:01:19,0,und,2018:09:11 06:38:25,30000,2.1,,video/mp4,0.0.1,,2018:09:11 06:38:25,453538,190490443,0,3,0 0 0,,,1:1,0 s,1,100.00%,0 s,0 s,,,,0,,,,,0 s,0 s,,,,,,,1080,1920,,,,,,,,,,,,,,,,,30000,,Untitled Project ,2018:09:11 06:38:00,0:01:19,0,1,0,2018:09:11 06:38:25,100.00%,(Binary data 418030 bytes),,,Progressive; 0,29.97,,,72,,,72
00/171012_천년과정_영상기록 업무현장 플랫폼 운영보고_기억하는용기(김진주).mp4,,,,,16,2,mp4a,48000,김진주 ,19 Mbps,,0,24,,,,,,,nclx 1 1 1,,,"mp41, mp42, isom",,,,avc1,,,2018:09:11 06:45:23,,0 s,,,,,This video is about Untitled Project ,,,,,00,,0:01:18,,,,,,11.10,,,,,,2018:10:16 20:13:32+09:00,2018:10:16 20:13:32+09:00,2018:09:11 15:45:46+09:00,171012_천년과정_영상기록 업무현장 플랫폼 운영보고_기억하는용기(김진주).mp4,rw-rw-rw-,178 MB,,MP4,mp4,,,,,,,,,,,,,,,,srcCopy,,Core Media Video,Video Track,,,1080,1920x1080,,1920,,,,,,,,,,,,MP4 v2 [ISO 14496-14],,1 0 0 0 1 0 0 0 1,,2018:09:11 06:45:23,0:01:18,0,und,2018:09:11 06:45:44,30000,2.1,,video/mp4,0.0.1,,2018:09:11 06:45:44,68759,186903209,0,3,0 0 0,,,1:1,0 s,1,100.00%,0 s,0 s,,,,0,,,,,0 s,0 s,,,,,,,1080,1920,,,,,,,,,,,,,,,,,30000,,Untitled Project ,2018:09:11 06:45:23,0:01:18,0,1,0,2018:09:11 06:45:44,100.00%,(Binary data 33737 bytes),,,Progressive; 0,29.97,,,72,,,72
00/171027_천년과정_영상기록 업무현장 문화사업팀사무실_기억하는용기(김진주).mp4,,,,,16,2,mp4a,48000,김진주 ,18.5 Mbps,,0,24,,,,,,,nclx 1 1 1,,,"mp41, mp42, isom",,,,avc1,,,2018:09:11 06:47:23,,0 s,,,,,This video is about Untitled Project ,,,,,00,,0:00:52,,,,,,11.10,,,,,,2018:10:16 20:13:42+09:00,2018:10:16 20:13:42+09:00,2018:09:11 15:47:40+09:00,171027_천년과정_영상기록 업무현장 문화사업팀사무실_기억하는용기(김진주).mp4,rw-rw-rw-,116 MB,,MP4,mp4,,,,,,,,,,,,,,,,srcCopy,,Core Media Video,Video Track,,,1080,1920x1080,,1920,,,,,,,,,,,,MP4 v2 [ISO 14496-14],,1 0 0 0 1 0 0 0 1,,2018:09:11 06:47:23,0:00:52,0,und,2018:09:11 06:47:39,30000,2.1,,video/mp4,0.0.1,,2018:09:11 06:47:39,343765,121185763,0,3,0 0 0,,,1:1,0 s,1,100.00%,0 s,0 s,,,,0,,,,,0 s,0 s,,,,,,,1080,1920,,,,,,,,,,,,,,,,,30000,,Untitled Project ,2018:09:11 06:47:23,0:00:52,0,1,0,2018:09:11 06:47:39,100.00%,(Binary data 320194 bytes),,,Progressive; 0,29.97,,,72,,,72
00/171027_천년과정_영상기록 인터뷰 김종길_기억하는용기(김진주).mp4,,,,,16,2,mp4a,48000,김진주 ,19.8 Mbps,,0,24,,,,,,,nclx 1 1 1,,,"mp41, mp42, isom",,,,avc1,,,2018:09:11 11:05:45,,0 s,,,,,This video is about Untitled Project ,,,,,00,,0:03:58,,,,,,11.10,,,,,,2018:10:16 20:13:48+09:00,2018:10:16 20:13:48+09:00,2018:09:11 20:08:41+09:00,171027_천년과정_영상기록 인터뷰 김종길_기억하는용기(김진주).mp4,rw-rw-rw-,566 MB,,MP4,mp4,,,,,,,,,,,,,,,,srcCopy,,Core Media Video,Video Track,,,1080,1920x1080,,1920,,,,,,,,,,,,MP4 v2 [ISO 14496-14],,1 0 0 0 1 0 0 0 1,,2018:09:11 11:05:45,0:03:58,0,und,2018:09:11 11:08:29,30000,2.1,,video/mp4,0.0.1,,2018:09:11 11:08:29,434973,592609061,0,3,0 0 0,,,1:1,0 s,1,100.00%,0 s,0 s,,,,0,,,,,0 s,0 s,,,,,,,1080,1920,,,,,,,,,,,,,,,,,30000,,Untitled Project ,2018:09:11 11:05:45,0:03:58,0,1,0,2018:09:11 11:08:29,100.00%,(Binary data 330674 bytes),,,Progressive; 0,29.97,,,72,,,72
00/171027_천년과정_영상기록 인터뷰 김현태_기억하는용기(김진주).mp4,,,,,16,2,mp4a,48000,김진주 ,19.8 Mbps,,0,24,,,,,,,nclx 1 1 1,,,"mp41, mp42, isom",,,,avc1,,,2018:09:11 11:02:00,,0 s,,,,,This video is about Untitled Project ,,,,,00,,0:03:58,,,,,,11.10,,,,,,2018:10:16 20:14:18+09:00,2018:10:16 20:14:18+09:00,2018:09:11 20:04:31+09:00,171027_천년과정_영상기록 인터뷰 김현태_기억하는용기(김진주).mp4,rw-rw-rw-,563 MB,,MP4,mp4,,,,,,,,,,,,,,,,srcCopy,,Core Media Video,Video Track,,,1080,1920x1080,,1920,,,,,,,,,,,,MP4 v2 [ISO 14496-14],,1 0 0 0 1 0 0 0 1,,2018:09:11 11:02:00,0:03:58,0,und,2018:09:11 11:04:21,30000,2.1,,video/mp4,0.0.1,,2018:09:11 11:04:21,452189,590220247,0,3,0 0 0,,,1:1,0 s,1,100.00%,0 s,0 s,,,,0,,,,,0 s,0 s,,,,,,,1080,1920,,,,,,,,,,,,,,,,,30000,,Untitled Project ,2018:09:11 11:02:00,0:03:58,0,1,0,2018:09:11 11:04:21,100.00%,(Binary data 348293 bytes),,,Progressive; 0,29.97,,,72,,,72
00/171027_천년과정_영상기록 인터뷰 설원기_기억하는용기(김진주).mp4,,,,,16,2,mp4a,48000,김진주 ,19.6 Mbps,,0,24,,,,,,,nclx 1 1 1,,,"mp41, mp42, isom",,,,avc1,,,2018:09:11 10:58:20,,0 s,,,,,This video is about Untitled Project ,,,,,00,,0:03:05,,,,,,11.10,,,,,,2018:10:16 20:15:49+09:00,2018:10:16 20:15:49+09:00,2018:09:11 20:00:32+09:00,171027_천년과정_영상기록 인터뷰 설원기_기억하는용기(김진주).mp4,rw-rw-rw-,435 MB,,MP4,mp4,,,,,,,,,,,,,,,,srcCopy,,Core Media Video,Video Track,,,1080,1920x1080,,1920,,,,,,,,,,,,MP4 v2 [ISO 14496-14],,1 0 0 0 1 0 0 0 1,,2018:09:11 10:58:20,0:03:05,0,und,2018:09:11 11:00:23,30000,2.1,,video/mp4,0.0.1,,2018:09:11 11:00:23,350264,455831282,0,3,0 0 0,,,1:1,0 s,1,100.00%,0 s,0 s,,,,0,,,,,0 s,0 s,,,,,,,1080,1920,,,,,,,,,,,,,,,,,30000,,Untitled Project ,2018:09:11 10:58:20,0:03:05,0,1,0,2018:09:11 11:00:23,100.00%,(Binary data 268978 bytes),,,Progressive; 0,29.97,,,72,,,72
00/171027_천년과정_영상기록 인터뷰 조병택_기억하는용기(김진주).mp4,,,,,16,2,mp4a,48000,김진주 ,19.9 Mbps,,0,24,,,,,,,nclx 1 1 1,,,"mp41, mp42, isom",,,,avc1,,,2018:09:11 11:11:02,,0 s,,,,,This video is about Untitled Project ,,,,,00,,0:04:27,,,,,,11.10,,,,,,2018:10:16 20:16:26+09:00,2018:10:16 20:16:26+09:00,2018:09:12 09:36:42+09:00,171027_천년과정_영상기록 인터뷰 조병택_기억하는용기(김진주).mp4,rw-rw-rw-,633 MB,,MP4,mp4,,,,,,,,,,,,,,,,srcCopy,,Core Media Video,Video Track,,,1080,1920x1080,,1920,,,,,,,,,,,,MP4 v2 [ISO 14496-14],,1 0 0 0 1 0 0 0 1,,2018:09:11 11:11:02,0:04:27,0,und,2018:09:11 11:13:46,30000,2.1,,video/mp4,0.0.1,,2018:09:11 11:13:46,445303,663039365,0,3,0 0 0,,,1:1,0 s,1,100.00%,0 s,0 s,,,,0,,,,,0 s,0 s,,,,,,,1080,1920,,,,,,,,,,,,,,,,,30000,,Untitled Project ,2018:09:11 11:11:02,0:04:27,0,1,0,2018:09:11 11:13:46,100.00%,(Binary data 328776 bytes),,,Progressive; 0,29.97,,,72,,,72
00/171101_천년과정_영상기록 업무현장 재단사무실_기억하는용기(김진주).mp4,,,,,16,2,mp4a,48000,김진주 ,19.5 Mbps,,0,24,,,,,,,nclx 1 1 1,,,"mp41, mp42, isom",,,,avc1,,,2018:09:11 06:55:20,,0 s,,,,,This video is about Untitled Project ,,,,,00,,0:03:20,,,,,,11.10,,,,,,2018:10:16 20:17:39+09:00,2018:10:16 20:17:39+09:00,2018:09:11 15:56:35+09:00,171101_천년과정_영상기록 업무현장 재단사무실_기억하는용기(김진주).mp4,rw-rw-rw-,466 MB,,MP4,mp4,,,,,,,,,,,,,,,,srcCopy,,Core Media Video,Video Track,,,1080,1920x1080,,1920,,,,,,,,,,,,MP4 v2 [ISO 14496-14],,1 0 0 0 1 0 0 0 1,,2018:09:11 06:55:20,0:03:20,0,und,2018:09:11 06:56:30,30000,2.1,,video/mp4,0.0.1,,2018:09:11 06:56:30,473562,488361715,0,3,0 0 0,,,1:1,0 s,1,100.00%,0 s,0 s,,,,0,,,,,0 s,0 s,,,,,,,1080,1920,,,,,,,,,,,,,,,,,30000,,Untitled Project ,2018:09:11 06:55:20,0:03:20,0,1,0,2018:09:11 06:56:30,100.00%,(Binary data 385779 bytes),,,Progressive; 0,29.97,,,72,,,72
00/171101_천년과정_영상기록 인터뷰 박정호_기억하는용기(김진주).mp4,,,,,16,2,mp4a,48000,김진주 ,19.8 Mbps,,0,24,,,,,,,nclx 1 1 1,,,"mp41, mp42, isom",,,,avc1,,,2018:09:11 07:56:31,,0 s,,,,,This video is about Untitled Project ,,,,,00,,0:03:34,,,,,,11.10,,,,,,2018:10:16 20:18:16+09:00,2018:10:16 20:18:16+09:00,2018:09:11 16:58:45+09:00,171101_천년과정_영상기록 인터뷰 박정호_기억하는용기(김진주).mp4,rw-rw-rw-,507 MB,,MP4,mp4,,,,,,,,,,,,,,,,srcCopy,,Core Media Video,Video Track,,,1080,1920x1080,,1920,,,,,,,,,,,,MP4 v2 [ISO 14496-14],,1 0 0 0 1 0 0 0 1,,2018:09:11 07:56:31,0:03:34,0,und,2018:09:11 07:58:40,30000,2.1,,video/mp4,0.0.1,,2018:09:11 07:58:40,332404,531216219,0,3,0 0 0,,,1:1,0 s,1,100.00%,0 s,0 s,,,,0,,,,,0 s,0 s,,,,,,,1080,1920,,,,,,,,,,,,,,,,,30000,,Untitled Project ,2018:09:11 07:56:31,0:03:34,0,1,0,2018:09:11 07:58:40,100.00%,(Binary data 238045 bytes),,,Progressive; 0,29.97,,,72,,,72
00/171101_천년과정_영상기록 인터뷰 황록주_기억하는용기(김진주).mp4,,,,,16,2,mp4a,48000,김진주 ,19.7 Mbps,,0,24,,,,,,,nclx 1 1 1,,,"mp41, mp42, isom",,,,avc1,,,2018:09:11 10:06:07,,0 s,,,,,This video is about Untitled Project ,,,,,00,,0:03:00,,,,,,11.10,,,,,,2018:10:16 20:18:45+09:00,2018:10:16 20:18:45+09:00,2018:09:11 19:06:53+09:00,171101_천년과정_영상기록 인터뷰 황록주_기억하는용기(김진주).mp4,rw-rw-rw-,424 MB,,MP4,mp4,,,,,,,,,,,,,,,,srcCopy,,Core Media Video,Video Track,,,1080,1920x1080,,1920,,,,,,,,,,,,MP4 v2 [ISO 14496-14],,1 0 0 0 1 0 0 0 1,,2018:09:11 10:06:07,0:03:00,0,und,2018:09:11 10:06:45,24000,2.1,,video/mp4,0.0.1,,2018:09:11 10:06:45,431013,444261361,0,3,0 0 0,,,1:1,0 s,1,100.00%,0 s,0 s,,,,0,,,,,0 s,0 s,,,,,,,1080,1920,,,,,,,,,,,,,,,,,24000,,Untitled Project ,2018:09:11 10:06:07,0:03:00,0,1,0,2018:09:11 10:06:45,100.00%,(Binary data 357794 bytes),,,Progressive; 0,23.976,,,72,,,72
00/171101_천년과정_영상기록 인터뷰 황순주_기억하는용기(김진주).mp4,,,,,16,2,mp4a,48000,김진주 ,19.8 Mbps,,0,24,,,,,,,nclx 1 1 1,,,"mp41, mp42, isom",,,,avc1,,,2018:09:11 10:08:19,,0 s,,,,,This video is about Untitled Project ,,,,,00,,0:03:13,,,,,,11.10,,,,,,2018:10:16 20:19:10+09:00,2018:10:16 20:19:10+09:00,2018:09:11 19:10:26+09:00,171101_천년과정_영상기록 인터뷰 황순주_기억하는용기(김진주).mp4,rw-rw-rw-,456 MB,,MP4,mp4,,,,,,,,,,,,,,,,srcCopy,,Core Media Video,Video Track,,,1080,1920x1080,,1920,,,,,,,,,,,,MP4 v2 [ISO 14496-14],,1 0 0 0 1 0 0 0 1,,2018:09:11 10:08:19,0:03:13,0,und,2018:09:11 10:10:18,24000,2.1,,video/mp4,0.0.1,,2018:09:11 10:10:18,336572,478018255,0,3,0 0 0,,,1:1,0 s,1,100.00%,0 s,0 s,,,,0,,,,,0 s,0 s,,,,,,,1080,1920,,,,,,,,,,,,,,,,,24000,,Untitled Project ,2018:09:11 10:08:19,0:03:13,0,1,0,2018:09:11 10:10:18,100.00%,(Binary data 258050 bytes),,,Progressive; 0,23.976,,,72,,,72
00/171104_천년과정_영상기록 업무현장 플랫폼 워크숍 오산_기억하는용기(김진주).mp4,,,,,16,2,mp4a,48000,김진주 ,19.8 Mbps,,0,24,,,,,,,nclx 1 1 1,,,"mp41, mp42, isom",,,,avc1,,,2018:09:11 06:58:59,,0 s,,,,,This video is about Untitled Project ,,,,,00,,0:03:17,,,,,,11.10,,,,,,2018:10:16 20:19:38+09:00,2018:10:16 20:19:38+09:00,2018:09:11 16:01:04+09:00,171104_천년과정_영상기록 업무현장 플랫폼 워크숍 오산_기억하는용기(김진주).mp4,rw-rw-rw-,466 MB,,MP4,mp4,,,,,,,,,,,,,,,,srcCopy,,Core Media Video,Video Track,,,1080,1920x1080,,1920,,,,,,,,,,,,MP4 v2 [ISO 14496-14],,1 0 0 0 1 0 0 0 1,,2018:09:11 06:58:59,0:03:17,0,und,2018:09:11 07:00:59,30000,2.1,,video/mp4,0.0.1,,2018:09:11 07:00:59,284602,487945327,0,3,0 0 0,,,1:1,0 s,1,100.00%,0 s,0 s,,,,0,,,,,0 s,0 s,,,,,,,1080,1920,,,,,,,,,,,,,,,,,30000,,Untitled Project ,2018:09:11 06:58:59,0:03:17,0,1,0,2018:09:11 07:00:59,100.00%,(Binary data 198051 bytes),,,Progressive; 0,29.97,,,72,,,72
00/171106_천년과정_영상기록 업무현장 천년과정 중간보고_기억하는용기(김진주).mp4,,,,,16,2,mp4a,48000,김진주 ,18 Mbps,,0,24,,,,,,,nclx 1 1 1,,,"mp41, mp42, isom",,,,avc1,,,2018:09:11 07:04:34,,0 s,,,,,This video is about Untitled Project ,,,,,00,,0:01:15,,,,,,11.10,,,,,,2018:10:16 20:20:04+09:00,2018:10:16 20:20:04+09:00,2018:09:11 16:05:01+09:00,171106_천년과정_영상기록 업무현장 천년과정 중간보고_기억하는용기(김진주).mp4,rw-rw-rw-,163 MB,,MP4,mp4,,,,,,,,,,,,,,,,srcCopy,,Core Media Video,Video Track,,,1080,1920x1080,,1920,,,,,,,,,,,,MP4 v2 [ISO 14496-14],,1 0 0 0 1 0 0 0 1,,2018:09:11 07:04:34,0:01:15,0,und,2018:09:11 07:05:00,30000,2.1,,video/mp4,0.0.1,,2018:09:11 07:05:00,246497,170411500,0,3,0 0 0,,,1:1,0 s,1,100.00%,0 s,0 s,,,,0,,,,,0 s,0 s,,,,,,,1080,1920,,,,,,,,,,,,,,,,,30000,,Untitled Project ,2018:09:11 07:04:34,0:01:15,0,1,0,2018:09:11 07:05:00,100.00%,(Binary data 213184 bytes),,,Progressive; 0,29.97,,,72,,,72
00/171114_천년과정_영상기록 업무현장 기자단발대식 기자간담회_기억하는용기(김진주).mp4,,,,,16,2,mp4a,48000,김진주 ,19.7 Mbps,,0,24,,,,,,,nclx 1 1 1,,,"mp41, mp42, isom",,,,avc1,,,2018:09:11 07:06:45,,0 s,,,,,This video is about Untitled Project ,,,,,00,,0:02:59,,,,,,11.10,,,,,,2018:10:16 20:20:12+09:00,2018:10:16 20:20:12+09:00,2018:09:11 16:08:34+09:00,171114_천년과정_영상기록 업무현장 기자단발대식 기자간담회_기억하는용기(김진주).mp4,rw-rw-rw-,422 MB,,MP4,mp4,,,,,,,,,,,,,,,,srcCopy,,Core Media Video,Video Track,,,1080,1920x1080,,1920,,,,,,,,,,,,MP4 v2 [ISO 14496-14],,1 0 0 0 1 0 0 0 1,,2018:09:11 07:06:45,0:02:59,0,und,2018:09:11 07:08:29,30000,2.1,,video/mp4,0.0.1,,2018:09:11 07:08:29,507925,441656792,0,3,0 0 0,,,1:1,0 s,1,100.00%,0 s,0 s,,,,0,,,,,0 s,0 s,,,,,,,1080,1920,,,,,,,,,,,,,,,,,30000,,Untitled Project ,2018:09:11 07:06:45,0:02:59,0,1,0,2018:09:11 07:08:29,100.00%,(Binary data 429333 bytes),,,Progressive; 0,29.97,,,72,,,72
00/171114_천년과정_영상기록 인터뷰 공지영_기억하는용기(김진주).mp4,,,,,16,2,mp4a,48000,김진주 ,18.8 Mbps,,0,24,,,,,,,nclx 1 1 1,,,"mp41, mp42, isom",,,,avc1,,,2018:09:11 10:12:47,,0 s,,,,,This video is about Untitled Project ,,,,,00,,0:03:00,,,,,,11.10,,,,,,2018:10:16 20:20:38+09:00,2018:10:16 20:20:38+09:00,2018:09:11 19:13:35+09:00,171114_천년과정_영상기록 인터뷰 공지영_기억하는용기(김진주).mp4,rw-rw-rw-,406 MB,,MP4,mp4,,,,,,,,,,,,,,,,srcCopy,,Core Media Video,Video Track,,,1080,1920x1080,,1920,,,,,,,,,,,,MP4 v2 [ISO 14496-14],,1 0 0 0 1 0 0 0 1,,2018:09:11 10:12:47,0:03:00,0,und,2018:09:11 10:13:27,24000,2.1,,video/mp4,0.0.1,,2018:09:11 10:13:27,339080,425874132,0,3,0 0 0,,,1:1,0 s,1,100.00%,0 s,0 s,,,,0,,,,,0 s,0 s,,,,,,,1080,1920,,,,,,,,,,,,,,,,,24000,,Untitled Project ,2018:09:11 10:12:47,0:03:00,0,1,0,2018:09:11 10:13:27,100.00%,(Binary data 265241 bytes),,,Progressive; 0,23.976,,,72,,,72
00/171118_천년과정_영상기록 업무현장 DMZ답사단_기억하는용기(김진주).mp4,,,,,16,2,mp4a,48000,김진주 ,18.8 Mbps,,0,24,,,,,,,nclx 1 1 1,,,"mp41, mp42, isom",,,,avc1,,,2018:09:11 07:12:10,,0 s,,,,,This video is about Untitled Project ,,,,,00,,0:03:45,,,,,,11.10,,,,,,2018:10:16 20:21:03+09:00,2018:10:16 20:21:03+09:00,2018:09:11 16:13:40+09:00,171118_천년과정_영상기록 업무현장 DMZ답사단_기억하는용기(김진주).mp4,rw-rw-rw-,506 MB,,MP4,mp4,,,,,,,,,,,,,,,,srcCopy,,Core Media Video,Video Track,,,1080,1920x1080,,1920,,,,,,,,,,,,MP4 v2 [ISO 14496-14],,1 0 0 0 1 0 0 0 1,,2018:09:11 07:12:10,0:03:45,0,und,2018:09:11 07:13:33,30000,2.1,,video/mp4,0.0.1,,2018:09:11 07:13:33,361597,530386729,0,3,0 0 0,,,1:1,0 s,1,100.00%,0 s,0 s,,,,0,,,,,0 s,0 s,,,,,,,1080,1920,,,,,,,,,,,,,,,,,30000,,Untitled Project ,2018:09:11 07:12:10,0:03:45,0,1,0,2018:09:11 07:13:33,100.00%,(Binary data 265388 bytes),,,Progressive; 0,29.97,,,72,,,72
00/171122_천년과정_기록영상 미디어파사드 gg1000seoulsquare1_기억하는용기(김진주).mov,김진주,,,,16,2,lpcm,1,김진주,145 Mbps,65535 65535 65535,0,24,,,,1920x1080,,,,,,"qt  ",,,,apcn,Apple ProRes 422,,2017:11:24 08:52:29,,0 s,,,,,This video is about Untitled Project,,,,,00,Untitled Project,0:01:00,1920x1080,,,,,11.10,,,,,,2018:10:16 20:14:26+09:00,2018:10:16 20:14:26+09:00,2017:11:27 17:37:26+09:00,171122_천년과정_기록영상 미디어파사드 gg1000seoulsquare1_기억하는용기(김진주).mov,rw-rw-rw-,1043 MB,,MOV,mov,,,,,,,,Courier,,,0,0 0 0,ditherCopy,0,32768 32768 32768,ditherCopy,Data Handler,Core Media Data Handler,Metadata Tags,Apple,,1080,1920x1080,,1920,,,,,,,2017. 10. 12.,2017. 10. 12.,Stereo,,,Apple QuickTime (.MOV/QT),,1 0 0 0 1 0 0 0 1,,2017:11:24 08:52:29,0:01:00,0,und,2017:11:24 08:53:48,600,2.1,,video/quicktime,0.0.0,,2017:11:24 08:53:48,36,1093245208,0,4,32768 32768 32768,,tmcd,,0 s,1,100.00%,0 s,0 s,1920x1080,,,0,,,,,0 s,0 s,,,,,,,1080,1920,,,,,,,,0 0 0,Plain,Unknown (22),12,,,,3,,30000,,Untitled Project,2017:11:24 08:52:29,0:01:00,0,1,0,2017:11:24 08:53:48,100.00%,,,Apple,,29.97,,,72,,,72
00/171122_천년과정_기록영상 미디어파사드 gg1000seoulsquare2_기억하는용기(김진주).mov,김진주,,,,16,2,mp4a,48000,김진주,15.2 Mbps,65535 65535 65535,0,24,,,,1920x1080,,,,,,"qt  ",,,,avc1,H.264,,2017:11:24 09:10:36,,0 s,,,,,This video is about Untitled Project,,,,,00,Untitled Project,0:02:50,1920x1080,,,,,11.10,,,,,,2018:10:16 20:16:31+09:00,2018:10:16 20:16:31+09:00,2017:11:27 17:36:12+09:00,171122_천년과정_기록영상 미디어파사드 gg1000seoulsquare2_기억하는용기(김진주).mov,rw-rw-rw-,308 MB,,MOV,mov,,,,,,,,Courier,,,0,0 0 0,ditherCopy,0,32768 32768 32768,ditherCopy,Data Handler,Core Media Data Handler,Metadata Tags,Apple,,1080,1920x1080,,1920,,,,,,,2017. 10. 12.,2017. 10. 12.,Stereo,,,Apple QuickTime (.MOV/QT),,1 0 0 0 1 0 0 0 1,,2017:11:24 09:10:36,0:02:50,0,und,2017:11:24 09:12:30,600,2.1,,video/quicktime,0.0.0,,2017:11:24 09:12:30,36,322770479,0,4,32768 32768 32768,,tmcd,,0 s,1,100.00%,0 s,0 s,1920x1080,mp4a,,0,,,,,0 s,0 s,,,,,,,1080,1920,,,,,,,,0 0 0,Plain,Unknown (22),12,,,,3,,30000,,Untitled Project,2017:11:24 09:10:36,0:02:50,0,1,0,2017:11:24 09:12:30,100.00%,,,,,29.97,,,72,,,72
00/171122_천년과정_기록영상 미디어파사드 gg1000seoulsquare3_기억하는용기(김진주).mov,김진주,,,,16,2,mp4a,48000,김진주,15.2 Mbps,65535 65535 65535,0,24,,,,1920x1080,,,,,,"qt  ",,,,avc1,H.264,,2017:11:24 09:14:54,,0 s,,,,,This video is about Untitled Project,,,,,00,Untitled Project,0:02:57,1920x1080,,,,,11.10,,,,,,2018:10:16 20:17:15+09:00,2018:10:16 20:17:15+09:00,2017:11:27 17:36:17+09:00,171122_천년과정_기록영상 미디어파사드 gg1000seoulsquare3_기억하는용기(김진주).mov,rw-rw-rw-,321 MB,,MOV,mov,,,,,,,,Courier,,,0,0 0 0,ditherCopy,0,32768 32768 32768,ditherCopy,Data Handler,Core Media Data Handler,Metadata Tags,Apple,,1080,1920x1080,,1920,,,,,,,2017. 10. 12.,2017. 10. 12.,Stereo,,,Apple QuickTime (.MOV/QT),,1 0 0 0 1 0 0 0 1,,2017:11:24 09:14:54,0:02:57,0,und,2017:11:24 09:16:56,600,2.1,,video/quicktime,0.0.0,,2017:11:24 09:16:56,36,336815755,0,4,32768 32768 32768,,tmcd,,0 s,1,100.00%,0 s,0 s,1920x1080,mp4a,,0,,,,,0 s,0 s,,,,,,,1080,1920,,,,,,,,0 0 0,Plain,Unknown (22),12,,,,3,,30000,,Untitled Project,2017:11:24 09:14:54,0:02:57,0,1,0,2017:11:24 09:16:56,100.00%,,,,,29.97,,,72,,,72
00/171122_천년과정_영상기록 업무현장 파사드심사_기억하는용기(김진주).mp4,,,,,16,2,mp4a,48000,김진주 ,19.8 Mbps,,0,24,,,,,,,nclx 1 1 1,,,"mp41, mp42, isom",,,,avc1,,,2018:09:11 07:16:14,,0 s,,,,,This video is about Untitled Project ,,,,,00,,0:03:58,,,,,,11.10,,,,,,2018:10:16 20:21:30+09:00,2018:10:16 20:21:30+09:00,2018:09:11 16:17:45+09:00,171122_천년과정_영상기록 업무현장 파사드심사_기억하는용기(김진주).mp4,rw-rw-rw-,563 MB,,MP4,mp4,,,,,,,,,,,,,,,,srcCopy,,Core Media Video,Video Track,,,1080,1920x1080,,1920,,,,,,,,,,,,MP4 v2 [ISO 14496-14],,1 0 0 0 1 0 0 0 1,,2018:09:11 07:16:14,0:03:58,0,und,2018:09:11 07:17:38,30000,2.1,,video/mp4,0.0.1,,2018:09:11 07:17:38,469540,590333578,0,3,0 0 0,,,1:1,0 s,1,100.00%,0 s,0 s,,,,0,,,,,0 s,0 s,,,,,,,1080,1920,,,,,,,,,,,,,,,,,30000,,Untitled Project ,2018:09:11 07:16:14,0:03:58,0,1,0,2018:09:11 07:17:38,100.00%,(Binary data 366166 bytes),,,Progressive; 0,29.97,,,72,,,72
00/171122_천년과정_영상기록 인터뷰 김미라_기억하는용기(김진주).mp4,,,,,16,2,mp4a,48000,김진주 ,19.7 Mbps,,0,24,,,,,,,nclx 1 1 1,,,"mp41, mp42, isom",,,,avc1,,,2018:09:11 10:27:35,,0 s,,,,,This video is about Untitled Project ,,,,,00,,0:03:47,,,,,,11.10,,,,,,2018:10:16 20:22:01+09:00,2018:10:16 20:22:01+09:00,2018:09:11 19:28:37+09:00,171122_천년과정_영상기록 인터뷰 김미라_기억하는용기(김진주).mp4,rw-rw-rw-,535 MB,,MP4,mp4,,,,,,,,,,,,,,,,srcCopy,,Core Media Video,Video Track,,,1080,1920x1080,,1920,,,,,,,,,,,,MP4 v2 [ISO 14496-14],,1 0 0 0 1 0 0 0 1,,2018:09:11 10:27:35,0:03:47,0,und,2018:09:11 10:28:27,24000,2.1,,video/mp4,0.0.1,,2018:09:11 10:28:27,361150,560421432,0,3,0 0 0,,,1:1,0 s,1,100.00%,0 s,0 s,,,,0,,,,,0 s,0 s,,,,,,,1080,1920,,,,,,,,,,,,,,,,,24000,,Untitled Project ,2018:09:11 10:27:35,0:03:47,0,1,0,2018:09:11 10:28:27,100.00%,(Binary data 268458 bytes),,,Progressive; 0,23.976,,,72,,,72
00/171128_천년과정_영상기록 업무현장 천년파티 현장회의_기억하는용기(김진주).mp4,,,,,16,2,mp4a,48000,김진주 ,19.9 Mbps,,0,24,,,,,,,nclx 1 1 1,,,"mp41, mp42, isom",,,,avc1,,,2018:09:11 07:19:53,,0 s,,,,,This video is about Untitled Project ,,,,,00,,0:03:57,,,,,,11.10,,,,,,2018:10:16 20:22:30+09:00,2018:10:16 20:22:30+09:00,2018:09:11 16:22:44+09:00,171128_천년과정_영상기록 업무현장 천년파티 현장회의_기억하는용기(김진주).mp4,rw-rw-rw-,562 MB,,MP4,mp4,,,,,,,,,,,,,,,,srcCopy,,Core Media Video,Video Track,,,1080,1920x1080,,1920,,,,,,,,,,,,MP4 v2 [ISO 14496-14],,1 0 0 0 1 0 0 0 1,,2018:09:11 07:19:53,0:03:57,0,und,2018:09:11 07:22:35,30000,2.1,,video/mp4,0.0.1,,2018:09:11 07:22:35,799833,588904927,0,3,0 0 0,,,1:1,0 s,1,100.00%,0 s,0 s,,,,0,,,,,0 s,0 s,,,,,,,1080,1920,,,,,,,,,,,,,,,,,30000,,Untitled Project ,2018:09:11 07:19:53,0:03:57,0,1,0,2018:09:11 07:22:35,100.00%,(Binary data 696354 bytes),,,Progressive; 0,29.97,,,72,,,72
00/171227_천년과정_영상기록 업무현장 기록아카이브 워크숍_기억하는용기(김진주).mp4,,,,,16,2,mp4a,48000,김진주 ,19.7 Mbps,,0,24,,,,,,,nclx 1 1 1,,,"mp41, mp42, isom",,,,avc1,,,2018:09:11 07:25:05,,0 s,,,,,This video is about Untitled Project ,,,,,00,,0:03:11,,,,,,11.10,,,,,,2018:10:16 20:23:02+09:00,2018:10:16 20:23:02+09:00,2018:09:11 16:27:00+09:00,171227_천년과정_영상기록 업무현장 기록아카이브 워크숍_기억하는용기(김진주).mp4,rw-rw-rw-,451 MB,,MP4,mp4,,,,,,,,,,,,,,,,srcCopy,,Core Media Video,Video Track,,,1080,1920x1080,,1920,,,,,,,,,,,,MP4 v2 [ISO 14496-14],,1 0 0 0 1 0 0 0 1,,2018:09:11 07:25:05,0:03:11,0,und,2018:09:11 07:26:54,30000,2.1,,video/mp4,0.0.1,,2018:09:11 07:26:54,329140,472616685,0,3,0 0 0,,,1:1,0 s,1,100.00%,0 s,0 s,,,,0,,,,,0 s,0 s,,,,,,,1080,1920,,,,,,,,,,,,,,,,,30000,,Untitled Project ,2018:09:11 07:25:05,0:03:11,0,1,0,2018:09:11 07:26:54,100.00%,(Binary data 245184 bytes),,,Progressive; 0,29.97,,,72,,,72
00/171227_천년과정_영상기록 인터뷰 남경필_기억하는용기(김진주).mp4,,,,,16,2,mp4a,48000,김진주 ,13.7 Mbps,,0,24,,,,,,,nclx 1 1 1,,,"mp41, mp42, isom",,,,avc1,,,2018:09:11 10:32:37,,0 s,,,,,This video is about Untitled Project ,,,,,00,,0:00:32,,,,,,11.10,,,,,,2018:10:16 20:23:26+09:00,2018:10:16 20:23:26+09:00,2018:09:11 19:32:48+09:00,171227_천년과정_영상기록 인터뷰 남경필_기억하는용기(김진주).mp4,rw-rw-rw-,53 MB,,MP4,mp4,,,,,,,,,,,,,,,,srcCopy,,Core Media Video,Video Track,,,1080,1920x1080,,1920,,,,,,,,,,,,MP4 v2 [ISO 14496-14],,1 0 0 0 1 0 0 0 1,,2018:09:11 10:32:37,0:00:32,0,und,2018:09:11 10:32:47,24000,2.1,,video/mp4,0.0.1,,2018:09:11 10:32:47,238232,55219732,0,3,0 0 0,,,1:1,0 s,1,100.00%,0 s,0 s,,,,0,,,,,0 s,0 s,,,,,,,1080,1920,,,,,,,,,,,,,,,,,24000,,Untitled Project ,2018:09:11 10:32:37,0:00:32,0,1,0,2018:09:11 10:32:47,100.00%,(Binary data 224463 bytes),,,Progressive; 0,23.976,,,72,,,72
00/171227_천년과정_영상기록 인터뷰 최연하_기억하는용기(김진주).mp4,,,,,16,2,mp4a,48000,김진주 ,17.8 Mbps,,0,24,,,,,,,nclx 1 1 1,,,"mp41, mp42, isom",,,,avc1,,,2018:09:11 10:24:16,,0 s,,,,,This video is about Untitled Project ,,,,,00,,0:02:30,,,,,,11.10,,,,,,2018:10:16 20:23:28+09:00,2018:10:16 20:23:28+09:00,2018:09:11 19:24:56+09:00,171227_천년과정_영상기록 인터뷰 최연하_기억하는용기(김진주).mp4,rw-rw-rw-,319 MB,,MP4,mp4,,,,,,,,,,,,,,,,srcCopy,,Core Media Video,Video Track,,,1080,1920x1080,,1920,,,,,,,,,,,,MP4 v2 [ISO 14496-14],,1 0 0 0 1 0 0 0 1,,2018:09:11 10:24:16,0:02:30,0,und,2018:09:11 10:24:49,24000,2.1,,video/mp4,0.0.1,,2018:09:11 10:24:49,244740,334426213,0,3,0 0 0,,,1:1,0 s,1,100.00%,0 s,0 s,,,,0,,,,,0 s,0 s,,,,,,,1080,1920,,,,,,,,,,,,,,,,,24000,,Untitled Project ,2018:09:11 10:24:16,0:02:30,0,1,0,2018:09:11 10:24:49,100.00%,(Binary data 183184 bytes),,,Progressive; 0,23.976,,,72,,,72
00/171228_천년과정_영상기록 업무현장 슬로건 도민설명회_기억하는용기(김진주).mp4,,,,,16,2,mp4a,48000,김진주 ,19.8 Mbps,,0,24,,,,,,,nclx 1 1 1,,,"mp41, mp42, isom",,,,avc1,,,2018:09:11 07:31:39,,0 s,,,,,This video is about Untitled Project ,,,,,00,,0:03:20,,,,,,11.10,,,,,,2018:10:16 20:23:45+09:00,2018:10:16 20:23:45+09:00,2018:09:11 16:32:53+09:00,171228_천년과정_영상기록 업무현장 슬로건 도민설명회_기억하는용기(김진주).mp4,rw-rw-rw-,474 MB,,MP4,mp4,,,,,,,,,,,,,,,,srcCopy,,Core Media Video,Video Track,,,1080,1920x1080,,1920,,,,,,,,,,,,MP4 v2 [ISO 14496-14],,1 0 0 0 1 0 0 0 1,,2018:09:11 07:31:39,0:03:20,0,und,2018:09:11 07:32:48,30000,2.1,,video/mp4,0.0.1,,2018:09:11 07:32:48,370411,497033865,0,3,0 0 0,,,1:1,0 s,1,100.00%,0 s,0 s,,,,0,,,,,0 s,0 s,,,,,,,1080,1920,,,,,,,,,,,,,,,,,30000,,Untitled Project ,2018:09:11 07:31:39,0:03:20,0,1,0,2018:09:11 07:32:48,100.00%,(Binary data 282170 bytes),,,Progressive; 0,29.97,,,72,,,72
00/171231_천년과정_영상기록 업무현장 천년파티 대동제_기억하는용기(김진주).mp4,,,,,16,2,mp4a,48000,김진주 ,19.4 Mbps,,0,24,,,,,,,nclx 1 1 1,,,"mp41, mp42, isom",,,,avc1,,,2018:09:11 07:39:53,,0 s,,,,,This video is about Untitled Project ,,,,,00,,0:03:17,,,,,,11.10,,,,,,2018:10:16 20:24:15+09:00,2018:10:16 20:24:15+09:00,2018:09:11 16:42:44+09:00,171231_천년과정_영상기록 업무현장 천년파티 대동제_기억하는용기(김진주).mp4,rw-rw-rw-,456 MB,,MP4,mp4,,,,,,,,,,,,,,,,srcCopy,,Core Media Video,Video Track,,,1080,1920x1080,,1920,,,,,,,,,,,,MP4 v2 [ISO 14496-14],,1 0 0 0 1 0 0 0 1,,2018:09:11 07:39:53,0:03:17,0,und,2018:09:11 07:42:36,30000,2.1,,video/mp4,0.0.1,,2018:09:11 07:42:36,346741,478279881,0,3,0 0 0,,,1:1,0 s,1,100.00%,0 s,0 s,,,,0,,,,,0 s,0 s,,,,,,,1080,1920,,,,,,,,,,,,,,,,,30000,,Untitled Project ,2018:09:11 07:39:53,0:03:17,0,1,0,2018:09:11 07:42:36,100.00%,(Binary data 260846 bytes),,,Progressive; 0,29.97,,,72,,,72
00/171231_천년과정_영상기록 업무현장 플랫폼 도민창의대회_기억하는용기(김진주).mp4,,,,,16,2,mp4a,48000,김진주 ,19.9 Mbps,,0,24,,,,,,,nclx 1 1 1,,,"mp41, mp42, isom",,,,avc1,,,2018:09:11 07:34:16,,0 s,,,,,This video is about Untitled Project ,,,,,00,,0:04:38,,,,,,11.10,,,,,,2018:10:16 20:24:46+09:00,2018:10:16 20:24:46+09:00,2018:09:11 16:38:31+09:00,171231_천년과정_영상기록 업무현장 플랫폼 도민창의대회_기억하는용기(김진주).mp4,rw-rw-rw-,661 MB,,MP4,mp4,,,,,,,,,,,,,,,,srcCopy,,Core Media Video,Video Track,,,1080,1920x1080,,1920,,,,,,,,,,,,MP4 v2 [ISO 14496-14],,1 0 0 0 1 0 0 0 1,,2018:09:11 07:34:16,0:04:38,0,und,2018:09:11 07:38:23,30000,2.1,,video/mp4,0.0.1,,2018:09:11 07:38:23,509189,692218021,0,3,0 0 0,,,1:1,0 s,1,100.00%,0 s,0 s,,,,0,,,,,0 s,0 s,,,,,,,1080,1920,,,,,,,,,,,,,,,,,30000,,Untitled Project ,2018:09:11 07:34:16,0:04:38,0,1,0,2018:09:11 07:38:23,100.00%,(Binary data 388286 bytes),,,Progressive; 0,29.97,,,72,,,72
00/171231_천년과정_영상기록 인터뷰 김승수_기억하는용기(김진주).mp4,,,,,16,2,mp4a,48000,김진주 ,18.7 Mbps,,0,24,,,,,,,nclx 1 1 1,,,"mp41, mp42, isom",,,,avc1,,,2018:09:11 10:37:48,,0 s,,,,,This video is about Untitled Project ,,,,,00,,0:03:12,,,,,,11.10,,,,,,2018:10:16 20:25:32+09:00,2018:10:16 20:25:32+09:00,2018:09:11 19:38:42+09:00,171231_천년과정_영상기록 인터뷰 김승수_기억하는용기(김진주).mp4,rw-rw-rw-,427 MB,,MP4,mp4,,,,,,,,,,,,,,,,srcCopy,,Core Media Video,Video Track,,,1080,1920x1080,,1920,,,,,,,,,,,,MP4 v2 [ISO 14496-14],,1 0 0 0 1 0 0 0 1,,2018:09:11 10:37:48,0:03:12,0,und,2018:09:11 10:38:33,24000,2.1,,video/mp4,0.0.1,,2018:09:11 10:38:33,395269,447719867,0,3,0 0 0,,,1:1,0 s,1,100.00%,0 s,0 s,,,,0,,,,,0 s,0 s,,,,,,,1080,1920,,,,,,,,,,,,,,,,,24000,,Untitled Project ,2018:09:11 10:37:48,0:03:12,0,1,0,2018:09:11 10:38:33,100.00%,(Binary data 316673 bytes),,,Progressive; 0,23.976,,,72,,,72
00/171231_천년과정_영상기록 인터뷰 이은숙_기억하는용기(김진주).mp4,,,,,16,2,mp4a,48000,김진주 ,19.1 Mbps,,0,24,,,,,,,nclx 1 1 1,,,"mp41, mp42, isom",,,,avc1,,,2018:09:11 10:49:07,,0 s,,,,,This video is about Untitled Project ,,,,,00,,0:03:13,,,,,,11.10,,,,,,2018:10:16 20:26:06+09:00,2018:10:16 20:26:06+09:00,2018:09:11 19:51:13+09:00,171231_천년과정_영상기록 인터뷰 이은숙_기억하는용기(김진주).mp4,rw-rw-rw-,441 MB,,MP4,mp4,,,,,,,,,,,,,,,,srcCopy,,Core Media Video,Video Track,,,1080,1920x1080,,1920,,,,,,,,,,,,MP4 v2 [ISO 14496-14],,1 0 0 0 1 0 0 0 1,,2018:09:11 10:49:07,0:03:13,0,und,2018:09:11 10:51:06,24000,2.1,,video/mp4,0.0.1,,2018:09:11 10:51:06,291521,462302385,0,3,0 0 0,,,1:1,0 s,1,100.00%,0 s,0 s,,,,0,,,,,0 s,0 s,,,,,,,1080,1920,,,,,,,,,,,,,,,,,24000,,Untitled Project ,2018:09:11 10:49:07,0:03:13,0,1,0,2018:09:11 10:51:06,100.00%,(Binary data 212661 bytes),,,Progressive; 0,23.976,,,72,,,72
00/171231_천년과정_영상기록 인터뷰 정소민_기억하는용기(김진주).mp4,,,,,16,2,mp4a,48000,김진주 ,19.7 Mbps,,0,24,,,,,,,nclx 1 1 1,,,"mp41, mp42, isom",,,,avc1,,,2018:09:11 10:55:12,,0 s,,,,,This video is about Untitled Project ,,,,,00,,0:03:14,,,,,,11.10,,,,,,2018:10:16 20:26:42+09:00,2018:10:16 20:26:42+09:00,2018:09:11 19:56:16+09:00,171231_천년과정_영상기록 인터뷰 정소민_기억하는용기(김진주).mp4,rw-rw-rw-,458 MB,,MP4,mp4,,,,,,,,,,,,,,,,srcCopy,,Core Media Video,Video Track,,,1080,1920x1080,,1920,,,,,,,,,,,,MP4 v2 [ISO 14496-14],,1 0 0 0 1 0 0 0 1,,2018:09:11 10:55:12,0:03:14,0,und,2018:09:11 10:56:07,24000,2.1,,video/mp4,0.0.1,,2018:09:11 10:56:07,383823,479343496,0,3,0 0 0,,,1:1,0 s,1,100.00%,0 s,0 s,,,,0,,,,,0 s,0 s,,,,,,,1080,1920,,,,,,,,,,,,,,,,,24000,,Untitled Project ,2018:09:11 10:55:12,0:03:14,0,1,0,2018:09:11 10:56:07,100.00%,(Binary data 304457 bytes),,,Progressive; 0,23.976,,,72,,,72
00/171231_천년과정_영상기록 인터뷰 조주연_기억하는용기(김진주).mp4,,,,,16,2,mp4a,48000,김진주 ,19.7 Mbps,,0,24,,,,,,,nclx 1 1 1,,,"mp41, mp42, isom",,,,avc1,,,2018:09:11 10:53:12,,0 s,,,,,This video is about Untitled Project ,,,,,00,,0:03:14,,,,,,11.10,,,,,,2018:10:16 20:27:23+09:00,2018:10:16 20:27:23+09:00,2018:09:11 19:54:08+09:00,171231_천년과정_영상기록 인터뷰 조주연_기억하는용기(김진주).mp4,rw-rw-rw-,458 MB,,MP4,mp4,,,,,,,,,,,,,,,,srcCopy,,Core Media Video,Video Track,,,1080,1920x1080,,1920,,,,,,,,,,,,MP4 v2 [ISO 14496-14],,1 0 0 0 1 0 0 0 1,,2018:09:11 10:53:12,0:03:14,0,und,2018:09:11 10:53:59,24000,2.1,,video/mp4,0.0.1,,2018:09:11 10:53:59,383823,479343172,0,3,0 0 0,,,1:1,0 s,1,100.00%,0 s,0 s,,,,0,,,,,0 s,0 s,,,,,,,1080,1920,,,,,,,,,,,,,,,,,24000,,Untitled Project ,2018:09:11 10:53:12,0:03:14,0,1,0,2018:09:11 10:53:59,100.00%,(Binary data 304457 bytes),,,Progressive; 0,23.976,,,72,,,72
00/171231_천년과정_영상기록 인터뷰 주재연_기억하는용기(김진주).mp4,,,,,16,2,mp4a,48000,김진주 ,18.5 Mbps,,0,24,,,,,,,nclx 1 1 1,,,"mp41, mp42, isom",,,,avc1,,,2018:09:11 10:46:35,,0 s,,,,,This video is about Untitled Project ,,,,,00,,0:03:33,,,,,,11.10,,,,,,2018:10:16 20:28:02+09:00,2018:10:16 20:28:02+09:00,2018:09:11 19:47:38+09:00,171231_천년과정_영상기록 인터뷰 주재연_기억하는용기(김진주).mp4,rw-rw-rw-,471 MB,,MP4,mp4,,,,,,,,,,,,,,,,srcCopy,,Core Media Video,Video Track,,,1080,1920x1080,,1920,,,,,,,,,,,,MP4 v2 [ISO 14496-14],,1 0 0 0 1 0 0 0 1,,2018:09:11 10:46:35,0:03:33,0,und,2018:09:11 10:47:30,24000,2.1,,video/mp4,0.0.1,,2018:09:11 10:47:30,296707,493672634,0,3,0 0 0,,,1:1,0 s,1,100.00%,0 s,0 s,,,,0,,,,,0 s,0 s,,,,,,,1080,1920,,,,,,,,,,,,,,,,,24000,,Untitled Project ,2018:09:11 10:46:35,0:03:33,0,1,0,2018:09:11 10:47:30,100.00%,(Binary data 210207 bytes),,,Progressive; 0,23.976,,,72,,,72
00/180103_천년과정_도민창의대회발췌_도요청자료.mov,,,,,16,2,mp4a,48000,,3.41 Mbps,,0,24,,,,640x360,,,,,,"qt  ",,,,avc1,H.264,,2018:01:03 09:41:48,,0 s,,,,,,,,,,00,,0:05:50,640x360,,,,,11.10,,,,,,2018:10:16 20:17:47+09:00,2018:10:16 20:17:47+09:00,2018:01:04 09:42:07+09:00,180103_천년과정_도민창의대회발췌_도요청자료.mov,rw-rw-rw-,142 MB,,MOV,mov,,,,,,,,,,,,,,,,ditherCopy,Data Handler,Core Media Data Handler,Alias Data,Apple,,360,640x360,,640,,,,,,,,,Stereo,,,Apple QuickTime (.MOV/QT),,1 0 0 0 1 0 0 0 1,,2018:01:03 09:41:48,0:05:50,0,und,2018:01:03 09:42:44,30000,0.230,,video/quicktime,0.0.0,,2018:01:03 09:42:44,36,149144449,0,3,32768 32768 32768,,,,0 s,1,100.00%,0 s,0 s,640x360,mp4a,,0,,,,,0 s,0 s,,,,,,,360,640,,,,,,,,,,,,,,,,,30000,,,2018:01:03 09:41:48,0:05:50,0,1,0,2018:01:03 09:42:44,100.00%,,,,,29.97,,,72,,,72
00/180111_천년과정_영상기록 업무현장 타임캡슐 보고_기억하는용기(김진주).mp4,,,,,16,2,mp4a,48000,김진주 ,19.9 Mbps,,0,24,,,,,,,nclx 1 1 1,,,"mp41, mp42, isom",,,,avc1,,,2018:09:11 07:44:18,,0 s,,,,,This video is about Untitled Project ,,,,,00,,0:04:32,,,,,,11.10,,,,,,2018:10:16 20:28:39+09:00,2018:10:16 20:28:39+09:00,2018:09:11 16:50:47+09:00,180111_천년과정_영상기록 업무현장 타임캡슐 보고_기억하는용기(김진주).mp4,rw-rw-rw-,647 MB,,MP4,mp4,,,,,,,,,,,,,,,,srcCopy,,Core Media Video,Video Track,,,1080,1920x1080,,1920,,,,,,,,,,,,MP4 v2 [ISO 14496-14],,1 0 0 0 1 0 0 0 1,,2018:09:11 07:44:18,0:04:32,0,und,2018:09:11 07:50:39,30000,2.1,,video/mp4,0.0.1,,2018:09:11 07:50:39,404647,677911234,0,3,0 0 0,,,1:1,0 s,1,100.00%,0 s,0 s,,,,0,,,,,0 s,0 s,,,,,,,1080,1920,,,,,,,,,,,,,,,,,30000,,Untitled Project ,2018:09:11 07:44:18,0:04:32,0,1,0,2018:09:11 07:50:39,100.00%,(Binary data 285758 bytes),,,Progressive; 0,29.97,,,72,,,72
00/180201_천년과정_영상기록 업무현장 문화사업팀사무실이사_기억하는용기(김진주).mp4,,,,,16,2,mp4a,48000,김진주 ,19.3 Mbps,,0,24,,,,,,,nclx 1 1 1,,,"mp41, mp42, isom",,,,avc1,,,2018:09:11 07:50:53,,0 s,,,,,This video is about Untitled Project ,,,,,00,,0:01:43,,,,,,11.10,,,,,,2018:10:16 20:12:42+09:00,2018:10:16 20:12:42+09:00,2018:09:11 16:52:13+09:00,180201_천년과정_영상기록 업무현장 문화사업팀사무실이사_기억하는용기(김진주).mp4,rw-rw-rw-,239 MB,,MP4,mp4,,,,,,,,,,,,,,,,srcCopy,,Core Media Video,Video Track,,,1080,1920x1080,,1920,,,,,,,,,,,,MP4 v2 [ISO 14496-14],,1 0 0 0 1 0 0 0 1,,2018:09:11 07:50:53,0:01:43,0,und,2018:09:11 07:52:09,30000,2.1,,video/mp4,0.0.1,,2018:09:11 07:52:09,381746,250130332,0,3,0 0 0,,,1:1,0 s,1,100.00%,0 s,0 s,,,,0,,,,,0 s,0 s,,,,,,,1080,1920,,,,,,,,,,,,,,,,,30000,,Untitled Project ,2018:09:11 07:50:53,0:01:43,0,1,0,2018:09:11 07:52:09,100.00%,(Binary data 336158 bytes),,,Progressive; 0,29.97,,,72,,,72
00/180202_천년과정_영상기록 업무현장 천년과정 자문회의_기억하는용기(김진주).mp4,,,,,16,2,mp4a,48000,김진주 ,19.7 Mbps,,0,24,,,,,,,nclx 1 1 1,,,"mp41, mp42, isom",,,,avc1,,,2018:09:11 07:52:20,,0 s,,,,,This video is about Untitled Project ,,,,,00,,0:02:49,,,,,,11.10,,,,,,2018:10:16 20:12:54+09:00,2018:10:16 20:12:54+09:00,2018:09:11 16:53:38+09:00,180202_천년과정_영상기록 업무현장 천년과정 자문회의_기억하는용기(김진주).mp4,rw-rw-rw-,399 MB,,MP4,mp4,,,,,,,,,,,,,,,,srcCopy,,Core Media Video,Video Track,,,1080,1920x1080,,1920,,,,,,,,,,,,MP4 v2 [ISO 14496-14],,1 0 0 0 1 0 0 0 1,,2018:09:11 07:52:20,0:02:49,0,und,2018:09:11 07:53:34,30000,2.1,,video/mp4,0.0.1,,2018:09:11 07:53:34,306513,417756547,0,3,0 0 0,,,1:1,0 s,1,100.00%,0 s,0 s,,,,0,,,,,0 s,0 s,,,,,,,1080,1920,,,,,,,,,,,,,,,,,30000,,Untitled Project ,2018:09:11 07:52:20,0:02:49,0,1,0,2018:09:11 07:53:34,100.00%,(Binary data 231633 bytes),,,Progressive; 0,29.97,,,72,,,72
00/180711_천년과정_수집실물자료 사진_기억하는용기(김진주) (1).JPG,,,,,,,,,,,,,,8,,,,,3,,,,,,,,,,,,,,,,,,,,,,,00,,,,"Baseline DCT, Huffman coding","Little-endian (Intel, II)",,,11.10,,,,,,2018:10:16 20:12:19+09:00,2018:10:16 20:12:19+09:00,2018:07:11 09:27:26+09:00,180711_천년과정_수집실물자료 사진_기억하는용기(김진주) (1).JPG,rw-rw-rw-,910 kB,,JPEG,jpg,,,,,,,,,,,,,,,,,,,,,,3264,2448x3264,,2448,,,,,,1.01,,,,,,,,,,,,,,,,8.0,,image/jpeg,,,,,,,,,,,,,,,,,,,None,,,,,,,,,,,,,Google,,,,,,,,,,,,,,,,,,,,,,,,,,,,,,,,,,,,1,,YCbCr4:2:0 (2 2),1
00/180711_천년과정_수집실물자료 사진_기억하는용기(김진주) (2).JPG,,,,,,,,,,,,,,8,,,,,3,,,,,,,,,,,,,,,,,,,,,,,00,,,,"Baseline DCT, Huffman coding","Little-endian (Intel, II)",2448,3264,11.10,0220,,,,,2018:10:16 20:12:18+09:00,2018:10:16 20:12:18+09:00,2018:07:11 09:27:26+09:00,180711_천년과정_수집실물자료 사진_기억하는용기(김진주) (2).JPG,rw-rw-rw-,2.3 MB,,JPEG,jpg,,,,,,,,,,,,,,,,,,,,,,2448,3264x2448,,3264,,,,,,,,,,,,,,,,,,,,,,8.0,,image/jpeg,,,,,,,,,Horizontal (normal),,,,,,,,,,,,,,,,,,,,,,,Google,,,,,,,,,,,,,,,,,,,,,,,,,,,,,,,,,,,,,,YCbCr4:2:0 (2 2),
