파일명,파일명 재정리,시청각기록물 등록번호,제목,유형,MIME 유형,Image 사이즈,재생시간,생산일,생산자,제공일,제공자,수집일,수집자,주제어(사업명),주제어(약어),주제어(단위과제),주제어(1차),주제어(2차),위도/경도
강진주_20170201_제기.jpg,M-A321072.jpg,M-A321072,제기,사진류,image/jpeg,1299x1732,,2017-02-01,강진주,2018-08-07,최연하,2018-08-23,이상민,경기천년 기록 아카이브,경기기록,8인의 작가,도구들,사물,
강진주_20180402_볏짚짜개.jpg,M-A321073.jpg,M-A321073,볏짚짜개,사진류,image/jpeg,1560x2078,,2018-04-02,강진주,2018-08-07,최연하,2018-08-23,이상민,경기천년 기록 아카이브,경기기록,8인의 작가,도구들,사물,
강진주_20180409_탈곡기.jpg,M-A321074.jpg,M-A321074,탈곡기,사진류,image/jpeg,1429x1905,,2018-04-09,강진주,2018-08-07,최연하,2018-08-23,이상민,경기천년 기록 아카이브,경기기록,8인의 작가,도구들,사물,
강진주_20180423_어망.jpg,M-A321075.jpg,M-A321075,어망,사진류,image/jpeg,1429x1905,,2018-04-23,강진주,2018-08-07,최연하,2018-08-23,이상민,경기천년 기록 아카이브,경기기록,8인의 작가,도구들,사물,
강진주_20180427_소등받이.jpg,M-A321076.jpg,M-A321076,소등받이,사진류,image/jpeg,1512x2251,,2018-04-27,강진주,2018-08-07,최연하,2018-08-23,이상민,경기천년 기록 아카이브,경기기록,8인의 작가,도구들,사물,
강진주_20180504_쟁기.jpg,M-A321077.jpg,M-A321077,쟁기,사진류,image/jpeg,1320x1905,,2018-05-04,강진주,2018-08-07,최연하,2018-08-23,이상민,경기천년 기록 아카이브,경기기록,8인의 작가,도구들,사물,
강진주_201806112_절구.jpg,M-A321078.jpg,M-A321078,절구,사진류,image/jpeg,1659x2092,,2018-06-12,강진주,2018-08-07,최연하,2018-08-23,이상민,경기천년 기록 아카이브,경기기록,8인의 작가,도구들,사물,
강진주_20180619_쌀 거름기.jpg,M-A321079.jpg,M-A321079,쌀 거름기,사진류,image/jpeg,1299x1732,,2018-06-19,강진주,2018-08-07,최연하,2018-08-23,이상민,경기천년 기록 아카이브,경기기록,8인의 작가,도구들,사물,
10-고정남-상록수역-2018-0622-30.jpg,M-A321080.jpg,M-A321080,상록수역,사진류,image/jpeg,2365x3543,,2018-06-22,고정남,2018-08-07,최연하,2018-08-23,김현미,경기천년 기록 아카이브,경기기록,8인의 작가,수인선,풍경,
11-고정남-인천역-2018-0623-30.jpg,M-A321081.jpg,M-A321081,인천역,사진류,image/jpeg,2362x3539,,2018-06-23,고정남,2018-08-07,최연하,2018-08-23,김현미,경기천년 기록 아카이브,경기기록,8인의 작가,수인선,풍경,
12-고정남-원인재역-2018-0505-30.jpg,M-A321082.jpg,M-A321082,원인재역,사진류,image/jpeg,2365x3543,,2018-05-05,고정남,2018-08-07,최연하,2018-08-23,김현미,경기천년 기록 아카이브,경기기록,8인의 작가,수인선,풍경,
13-고정남-원인재역-2018-0513-30.jpg,M-A321083.jpg,M-A321083,원인재역,사진류,image/jpeg,2365x3543,,2018-05-13,고정남,2018-08-07,최연하,2018-08-23,김현미,경기천년 기록 아카이브,경기기록,8인의 작가,수인선,풍경,
14-고정남-원인재역-2018-0513-30.jpg,M-A321084.jpg,M-A321084,원인재역,사진류,image/jpeg,3543x2365,,2018-05-13,고정남,2018-08-07,최연하,2018-08-23,김현미,경기천년 기록 아카이브,경기기록,8인의 작가,수인선,풍경,
15-고정남-고색역-2018-060-30.jpg,M-A321085.jpg,M-A321085,고색역,사진류,image/jpeg,3543x2365,,2018-06-05,고정남,2018-08-07,최연하,2018-08-23,김현미,경기천년 기록 아카이브,경기기록,8인의 작가,수인선,풍경,
16-고정남-고색역-2018-0605-30.jpg,M-A321086.jpg,M-A321086,고색역,사진류,image/jpeg,3543x2365,,2018-06-05,고정남,2018-08-07,최연하,2018-08-23,김현미,경기천년 기록 아카이브,경기기록,8인의 작가,수인선,풍경,
17-고정남-봉담역역-2018-0605-30.jpg,M-A321087.jpg,M-A321087,봉담역역,사진류,image/jpeg,3543x2365,,2018-06-05,고정남,2018-08-07,최연하,2018-08-23,김현미,경기천년 기록 아카이브,경기기록,8인의 작가,수인선,풍경,
18-고정남-봉담역-2018-0605-30.jpg,M-A321088.jpg,M-A321088,봉담역,사진류,image/jpeg,3543x2365,,2018-06-05,고정남,2018-08-07,최연하,2018-08-23,김현미,경기천년 기록 아카이브,경기기록,8인의 작가,수인선,풍경,
19-고정남-봉담역-2018-0605-30.jpg,M-A321089.jpg,M-A321089,봉담역,사진류,image/jpeg,3543x2365,,2018-06-05,고정남,2018-08-07,최연하,2018-08-23,김현미,경기천년 기록 아카이브,경기기록,8인의 작가,수인선,풍경,
1-고정남-소래포구-2018-0113-30.jpg,M-A321090.jpg,M-A321090,소래포구,사진류,image/jpeg,3543x2365,,2018-01-13,고정남,2018-08-07,최연하,2018-08-23,김현미,경기천년 기록 아카이브,경기기록,8인의 작가,수인선,풍경,
20-고정남-봉담역-2018-0605-30.jpg,M-A321091.jpg,M-A321091,봉담역,사진류,image/jpeg,2365x3543,,2018-06-05,고정남,2018-08-07,최연하,2018-08-23,김현미,경기천년 기록 아카이브,경기기록,8인의 작가,수인선,풍경,
21-고정남-어천역-2018-0605-30.jpg,M-A321092.jpg,M-A321092,어천역,사진류,image/jpeg,2365x3543,,2018-06-05,고정남,2018-08-07,최연하,2018-08-23,김현미,경기천년 기록 아카이브,경기기록,8인의 작가,수인선,풍경,
22-고정남-어천역-2018-0605-30.jpg,M-A321093.jpg,M-A321093,어천역,사진류,image/jpeg,2365x3543,,2018-06-05,고정남,2018-08-07,최연하,2018-08-23,김현미,경기천년 기록 아카이브,경기기록,8인의 작가,수인선,풍경,
23-고정남-어천역-2018-0605-30.jpg,M-A321094.jpg,M-A321094,어천역,사진류,image/jpeg,3543x2365,,2018-06-05,고정남,2018-08-07,최연하,2018-08-23,김현미,경기천년 기록 아카이브,경기기록,8인의 작가,수인선,풍경,
24-고정남-어천역-2018-0605-30.jpg,M-A321095.jpg,M-A321095,어천역,사진류,image/jpeg,3543x2365,,2018-06-05,고정남,2018-08-07,최연하,2018-08-23,김현미,경기천년 기록 아카이브,경기기록,8인의 작가,수인선,풍경,
25-고정남-어천역-2018-0605-30.jpg,M-A321096.jpg,M-A321096,어천역,사진류,image/jpeg,2365x3543,,2018-06-05,고정남,2018-08-07,최연하,2018-08-23,김현미,경기천년 기록 아카이브,경기기록,8인의 작가,수인선,풍경,
26-고정남-야목역-2018-0608-30.jpg,M-A321097.jpg,M-A321097,야목역,사진류,image/jpeg,2365x3543,,2018-06-08,고정남,2018-08-07,최연하,2018-08-23,김현미,경기천년 기록 아카이브,경기기록,8인의 작가,수인선,풍경,
27-고정남-야목역-2018-0608-30.jpg,M-A321098.jpg,M-A321098,야목역,사진류,image/jpeg,2365x3543,,2018-06-08,고정남,2018-08-07,최연하,2018-08-23,김현미,경기천년 기록 아카이브,경기기록,8인의 작가,수인선,풍경,
28-고정남-야목역-2018-0519-30.jpg,M-A321099.jpg,M-A321099,야목역,사진류,image/jpeg,3543x2365,,2018-05-19,고정남,2018-08-07,최연하,2018-08-23,김현미,경기천년 기록 아카이브,경기기록,8인의 작가,수인선,풍경,
29-고정남-야목역-2018-0519-30.jpg,M-A321100.jpg,M-A321100,야목역,사진류,image/jpeg,2365x3543,,2018-05-19,고정남,2018-08-07,최연하,2018-08-23,김현미,경기천년 기록 아카이브,경기기록,8인의 작가,수인선,풍경,
2-고정남-월곶역-2018-0113-30.jpg,M-A321101.jpg,M-A321101,월곶역,사진류,image/jpeg,3543x2365,,2018-01-13,고정남,2018-08-07,최연하,2018-08-23,김현미,경기천년 기록 아카이브,경기기록,8인의 작가,수인선,풍경,
30-고정남-야목역-2018-0519-30.jpg,M-A321102.jpg,M-A321102,야목역,사진류,image/jpeg,2365x3543,,2018-05-19,고정남,2018-08-07,최연하,2018-08-23,김현미,경기천년 기록 아카이브,경기기록,8인의 작가,수인선,풍경,
31-고정남-야목역-2018-0519-30.jpg,M-A321103.jpg,M-A321103,야목역,사진류,image/jpeg,2365x3543,,2018-05-19,고정남,2018-08-07,최연하,2018-08-23,김현미,경기천년 기록 아카이브,경기기록,8인의 작가,수인선,풍경,
32-고정남-야목역-2018-0605-30.jpg,M-A321104.jpg,M-A321104,야목역,사진류,image/jpeg,3543x2365,,2018-06-05,고정남,2018-08-07,최연하,2018-08-23,김현미,경기천년 기록 아카이브,경기기록,8인의 작가,수인선,풍경,
33-고정남-야목역-2018-0601-30.jpg,M-A321105.jpg,M-A321105,야목역,사진류,image/jpeg,3543x2365,,2018-06-01,고정남,2018-08-07,최연하,2018-08-23,김현미,경기천년 기록 아카이브,경기기록,8인의 작가,수인선,풍경,
34-고정남-사리역-2018-0608-30.jpg,M-A321106.jpg,M-A321106,사리역,사진류,image/jpeg,3543x2365,,2018-06-08,고정남,2018-08-07,최연하,2018-08-23,김현미,경기천년 기록 아카이브,경기기록,8인의 작가,수인선,풍경,
35-고정남-야목역-2018-0608-30.jpg,M-A321107.jpg,M-A321107,야목역,사진류,image/jpeg,3543x2365,,2018-06-08,고정남,2018-08-07,최연하,2018-08-23,김현미,경기천년 기록 아카이브,경기기록,8인의 작가,수인선,풍경,
36-고정남-야목역-2018-0605-30.jpg,M-A321108.jpg,M-A321108,야목역,사진류,image/jpeg,3543x2365,,2018-06-05,고정남,2018-08-07,최연하,2018-08-23,김현미,경기천년 기록 아카이브,경기기록,8인의 작가,수인선,풍경,
37-고정남-사리역-2018-0608-30.jpg,M-A321109.jpg,M-A321109,사리역,사진류,image/jpeg,3543x2365,,2018-06-08,고정남,2018-08-07,최연하,2018-08-23,김현미,경기천년 기록 아카이브,경기기록,8인의 작가,수인선,풍경,
38-고정남-사리역-2018-0608-30.jpg,M-A321110.jpg,M-A321110,사리역,사진류,image/jpeg,3543x2365,,2018-06-08,고정남,2018-08-07,최연하,2018-08-23,김현미,경기천년 기록 아카이브,경기기록,8인의 작가,수인선,풍경,
39-고정남-야목역-2018-0608-30.jpg,M-A321111.jpg,M-A321111,야목역,사진류,image/jpeg,3543x2365,,2018-06-08,고정남,2018-08-07,최연하,2018-08-23,김현미,경기천년 기록 아카이브,경기기록,8인의 작가,수인선,풍경,
3-고정남-월곶역-2018-0113-30.jpg,M-A321112.jpg,M-A321112,월곶역,사진류,image/jpeg,2365x3543,,2018-01-13,고정남,2018-08-07,최연하,2018-08-23,김현미,경기천년 기록 아카이브,경기기록,8인의 작가,수인선,풍경,
40-고정남-야목역-2018-0608-30.jpg,M-A321113.jpg,M-A321113,야목역,사진류,image/jpeg,3543x2365,,2018-06-08,고정남,2018-08-07,최연하,2018-08-23,김현미,경기천년 기록 아카이브,경기기록,8인의 작가,수인선,풍경,
41-고정남-야목역-2018-0608-30.jpg,M-A321114.jpg,M-A321114,야목역,사진류,image/jpeg,3543x2365,,2018-06-05,고정남,2018-08-07,최연하,2018-08-23,김현미,경기천년 기록 아카이브,경기기록,8인의 작가,수인선,풍경,
42-고정남-야목역-2018-0608-30.jpg,M-A321115.jpg,M-A321115,야목역,사진류,image/jpeg,3543x2365,,2018-06-08,고정남,2018-08-07,최연하,2018-08-23,김현미,경기천년 기록 아카이브,경기기록,8인의 작가,수인선,풍경,
43-고정남-월곶역-2018-0616-30.jpg,M-A321116.jpg,M-A321116,월곶역,사진류,image/jpeg,3543x2365,,2018-06-16,고정남,2018-08-07,최연하,2018-08-23,김현미,경기천년 기록 아카이브,경기기록,8인의 작가,수인선,풍경,
44-고정남-월곶역-2018-0616-30.jpg,M-A321117.jpg,M-A321117,월곶역,사진류,image/jpeg,3543x2365,,2018-06-16,고정남,2018-08-07,최연하,2018-08-23,김현미,경기천년 기록 아카이브,경기기록,8인의 작가,수인선,풍경,
45-고정남-월곶역-2018-0616-30.jpg,M-A321118.jpg,M-A321118,월곶역,사진류,image/jpeg,3543x2365,,2018-06-16,고정남,2018-08-07,최연하,2018-08-23,김현미,경기천년 기록 아카이브,경기기록,8인의 작가,수인선,풍경,
46고정남-월곶역-2018-0616-30.jpg,M-A321119.jpg,M-A321119,월곶역,사진류,image/jpeg,2365x3543,,2018-06-16,고정남,2018-08-07,최연하,2018-08-23,김현미,경기천년 기록 아카이브,경기기록,8인의 작가,수인선,풍경,
47-고정남-월곶역-2018-0613-30.jpg,M-A321120.jpg,M-A321120,월곶역,사진류,image/jpeg,2365x3543,,2018-06-13,고정남,2018-08-07,최연하,2018-08-23,김현미,경기천년 기록 아카이브,경기기록,8인의 작가,수인선,풍경,
48-고정남-월곶역-2018-0508-30.jpg,M-A321121.jpg,M-A321121,월곶역,사진류,image/jpeg,3543x2365,,2018-05-08,고정남,2018-08-07,최연하,2018-08-23,김현미,경기천년 기록 아카이브,경기기록,8인의 작가,수인선,풍경,
49-고정남-월곶역-2018-0508-30.jpg,M-A321122.jpg,M-A321122,월곶역,사진류,image/jpeg,3543x2365,,2018-05-08,고정남,2018-08-07,최연하,2018-08-23,김현미,경기천년 기록 아카이브,경기기록,8인의 작가,수인선,풍경,
4-고정남-월곶역-2018-0113-30.jpg,M-A321123.jpg,M-A321123,월곶역,사진류,image/jpeg,2365x3543,,2018-01-13,고정남,2018-08-07,최연하,2018-08-23,김현미,경기천년 기록 아카이브,경기기록,8인의 작가,수인선,풍경,
50-고정남-월곶역-2018-0613-30.jpg,M-A321124.jpg,M-A321124,월곶역,사진류,image/jpeg,3543x2365,,2018-06-13,고정남,2018-08-07,최연하,2018-08-23,김현미,경기천년 기록 아카이브,경기기록,8인의 작가,수인선,풍경,
51-고정남-월곶역-2018-0612-30.jpg,M-A321125.jpg,M-A321125,월곶역,사진류,image/jpeg,3543x2365,,2018-06-12,고정남,2018-08-07,최연하,2018-08-23,김현미,경기천년 기록 아카이브,경기기록,8인의 작가,수인선,풍경,
52-고정남-월곶역-2018-0616-30.jpg,M-A321126.jpg,M-A321126,월곶역,사진류,image/jpeg,2365x3543,,2018-06-16,고정남,2018-08-07,최연하,2018-08-23,김현미,경기천년 기록 아카이브,경기기록,8인의 작가,수인선,풍경,
53-고정남-월곶역-2018-0622-30.jpg,M-A321127.jpg,M-A321127,월곶역,사진류,image/jpeg,2365x3543,,2018-06-22,고정남,2018-08-07,최연하,2018-08-23,김현미,경기천년 기록 아카이브,경기기록,8인의 작가,수인선,풍경,
54-고정남-월곶역-2018-0616-30.jpg,M-A321128.jpg,M-A321128,월곶역,사진류,image/jpeg,3543x2365,,2018-06-16,고정남,2018-08-07,최연하,2018-08-23,김현미,경기천년 기록 아카이브,경기기록,8인의 작가,수인선,풍경,
55-고정남-월곶역-2018-0616-30.jpg,M-A321129.jpg,M-A321129,월곶역,사진류,image/jpeg,2365x3543,,2018-06-16,고정남,2018-08-07,최연하,2018-08-23,김현미,경기천년 기록 아카이브,경기기록,8인의 작가,수인선,풍경,
56-고정남-월곶역-2018-0612-30.jpg,M-A321130.jpg,M-A321130,월곶역,사진류,image/jpeg,3543x2365,,2018-06-12,고정남,2018-08-07,최연하,2018-08-23,김현미,경기천년 기록 아카이브,경기기록,8인의 작가,수인선,풍경,
5-고정남-원인재역-2018-0113-30.jpg,M-A321131.jpg,M-A321131,원인재역,사진류,image/jpeg,3543x2365,,2018-01-13,고정남,2018-08-07,최연하,2018-08-23,김현미,경기천년 기록 아카이브,경기기록,8인의 작가,수인선,풍경,
6-고정남-신포역-2018-0508-30.jpg,M-A321132.jpg,M-A321132,신포역,사진류,image/jpeg,2365x3543,,2018-05-08,고정남,2018-08-07,최연하,2018-08-23,김현미,경기천년 기록 아카이브,경기기록,8인의 작가,수인선,풍경,
7-고정남-신포역-2018-0513-30.jpg,M-A321133.jpg,M-A321133,신포역,사진류,image/jpeg,2365x3543,,2018-05-13,고정남,2018-08-07,최연하,2018-08-23,김현미,경기천년 기록 아카이브,경기기록,8인의 작가,수인선,풍경,
8-고정남-송도역-2018-0602-30.jpg,M-A321134.jpg,M-A321134,송도역,사진류,image/jpeg,2365x3543,,2018-06-02,고정남,2018-08-07,최연하,2018-08-23,김현미,경기천년 기록 아카이브,경기기록,8인의 작가,수인선,풍경,
9-고정남-원인재역-2018-0616-30.jpg,M-A321135.jpg,M-A321135,원인재역,사진류,image/jpeg,2365x3543,,2018-06-16,고정남,2018-08-07,최연하,2018-08-23,김현미,경기천년 기록 아카이브,경기기록,8인의 작가,수인선,풍경,
김윤섭 01_광명 풀씨학교0417_경기도의아이들3367.JPG,M-A321136.jpg,M-A321136,풀씨학교,사진류,image/jpeg,5849x3899,,2018:04:17 14:23:46,김윤섭,2018-08-07,최연하,2018-08-23,김현미,경기천년 기록 아카이브,경기기록,8인의 작가,아이들,인물,
김윤섭 02_광명 볍씨학교0419_경기도의아이들_ KYS_3668.JPG,M-A321137.jpg,M-A321137,볍씨학교,사진류,image/jpeg,5673x3782,,2018:04:19 09:56:00,김윤섭,2018-08-07,최연하,2018-08-23,김현미,경기천년 기록 아카이브,경기기록,8인의 작가,아이들,인물,
김윤섭 03_수원 달팽이어린이집0427_경기도의아이들_ KYS_5235.JPG,M-A321138.jpg,M-A321138,달팽이어린이집,사진류,image/jpeg,5643x3762,,2018:04:27 11:15:07,김윤섭,2018-08-07,최연하,2018-08-23,김현미,경기천년 기록 아카이브,경기기록,8인의 작가,아이들,인물,
김윤섭 04_수원 달팽이어린이집0427_경기도의아이들_ KYS_5501.JPG,M-A321139.jpg,M-A321139,달팽이어린이집,사진류,image/jpeg,5928x3952,,2018:04:27 11:48:07,김윤섭,2018-08-07,최연하,2018-08-23,김현미,경기천년 기록 아카이브,경기기록,8인의 작가,아이들,인물,
김윤섭 05_광명 볍씨학교0419_경기도의아이들4069.JPG,M-A321140.jpg,M-A321140,볍씨학교,사진류,image/jpeg,5817x3878,,2018:04:19 12:06:48,김윤섭,2018-08-07,최연하,2018-08-23,김현미,경기천년 기록 아카이브,경기기록,8인의 작가,아이들,인물,
김윤섭 06_시흥 승지초등학교0412_경기도의아이들2417.JPG,M-A321141.jpg,M-A321141,승지초등학교,사진류,image/jpeg,5895x3930,,2018:04:12 10:40:31,김윤섭,2018-08-07,최연하,2018-08-23,김현미,경기천년 기록 아카이브,경기기록,8인의 작가,아이들,인물,
김윤섭 07_시흥 승지초등학교0410_경기도의아이들1639.JPG,M-A321142.jpg,M-A321142,승지초등학교,사진류,image/jpeg,5838x3892,,2018:04:10 12:35:59,김윤섭,2018-08-07,최연하,2018-08-23,김현미,경기천년 기록 아카이브,경기기록,8인의 작가,아이들,인물,
김윤섭 08_광명 풀씨학교0508_경기도의아이들6827.JPG,M-A321143.jpg,M-A321143,풀씨학교,사진류,image/jpeg,5511x3674,,2018:05:08 11:32:13,김윤섭,2018-08-07,최연하,2018-08-23,김현미,경기천년 기록 아카이브,경기기록,8인의 작가,아이들,인물,
김윤섭 09_광명 볍씨학교0419_경기도의아이들3614.JPG,M-A321144.jpg,M-A321144,볍씨학교,사진류,image/jpeg,5700x3800,,2018:04:19 09:39:49,김윤섭,2018-08-07,최연하,2018-08-23,김현미,경기천년 기록 아카이브,경기기록,8인의 작가,아이들,인물,
김윤섭 10_광명 풀씨학교0508_경기도의아이들7481.JPG,M-A321145.jpg,M-A321145,풀씨학교,사진류,image/jpeg,5043x3362,,2018:05:08 16:16:07,김윤섭,2018-08-07,최연하,2018-08-23,김현미,경기천년 기록 아카이브,경기기록,8인의 작가,아이들,인물,
김윤섭 11_광명 볍씨학교0419_경기도의아이들3659.JPG,M-A321146.jpg,M-A321146,볍씨학교,사진류,image/jpeg,5907x3938,,2018:04:19 09:53:07,김윤섭,2018-08-07,최연하,2018-08-23,김현미,경기천년 기록 아카이브,경기기록,8인의 작가,아이들,인물,
김윤섭 12_광명 볍씨학교0417_경기도의아이들3519.JPG,M-A321147.jpg,M-A321147,볍씨학교,사진류,image/jpeg,5958x3972,,2018:04:17 15:29:31,김윤섭,2018-08-07,최연하,2018-08-23,김현미,경기천년 기록 아카이브,경기기록,8인의 작가,아이들,인물,
김윤섭 13_시흥 승지초등학교0410_경기도의아이들1237.JPG,M-A321148.jpg,M-A321148,승지초등학교,사진류,image/jpeg,5070x3380,,2018:04:10 11:15:01,김윤섭,2018-08-07,최연하,2018-08-23,김현미,경기천년 기록 아카이브,경기기록,8인의 작가,아이들,인물,
김윤섭 14_시흥 승지초등학교0410_경기도의아이들1005.JPG,M-A321149.jpg,M-A321149,승지초등학교,사진류,image/jpeg,5461x3641,,2018:04:10 10:36:13,김윤섭,2018-08-07,최연하,2018-08-23,김현미,경기천년 기록 아카이브,경기기록,8인의 작가,아이들,인물,
김윤섭 15_광명 풀씨학교0417_경기도의아이들3383.JPG,M-A321150.jpg,M-A321150,풀씨학교,사진류,image/jpeg,5724x3816,,2018:04:17 14:29:12,김윤섭,2018-08-07,최연하,2018-08-23,김현미,경기천년 기록 아카이브,경기기록,8인의 작가,아이들,인물,
김윤섭 16_광명 볍씨학교0510_경기도의아이들7729.JPG,M-A321151.jpg,M-A321151,볍씨학교,사진류,image/jpeg,5742x3828,,2018:05:10 09:35:37,김윤섭,2018-08-07,최연하,2018-08-23,김현미,경기천년 기록 아카이브,경기기록,8인의 작가,아이들,인물,
김윤섭 17_시흥 승지초등학교0412_경기도의아이들_토피아리 돌보기2546.JPG,M-A321152.jpg,M-A321152,승지초등학교 토피아리 돌보기,사진류,image/jpeg,5922x3948,,2018:04:12 12:21:47,김윤섭,2018-08-07,최연하,2018-08-23,김현미,경기천년 기록 아카이브,경기기록,8인의 작가,아이들,인물,
김윤섭 18_광명 볍씨학교0417_경기도의아이들_고양이 니코3566.JPG,M-A321153.jpg,M-A321153,볍씨학교 고양이 니코,사진류,image/jpeg,5767x3845,,2018:04:17 16:00:19,김윤섭,2018-08-07,최연하,2018-08-23,김현미,경기천년 기록 아카이브,경기기록,8인의 작가,아이들,인물,
김윤섭 19_광명 볍씨학교0419_경기도의아이들_고양이 니코4425.JPG,M-A321154.jpg,M-A321154,볍씨학교 고양이 니코,사진류,image/jpeg,5946x3964,,2018:04:19 15:57:39,김윤섭,2018-08-07,최연하,2018-08-23,김현미,경기천년 기록 아카이브,경기기록,8인의 작가,아이들,인물,
김윤섭 20_광명 볍씨학교0419_경기도의아이들_자신의 나무에 대한 글쓰기 KYS_4272.JPG,M-A321155.jpg,M-A321155,볍씨학교 자신의 나무에 대한 글쓰기,사진류,image/jpeg,5670x3780,,2018:04:19 14:27:56,김윤섭,2018-08-07,최연하,2018-08-23,김현미,경기천년 기록 아카이브,경기기록,8인의 작가,아이들,인물,
김윤섭 21_광명 볍씨학교0510_경기도의아이들8058.JPG,M-A321156.jpg,M-A321156,볍씨학교,사진류,image/jpeg,5649x3766,,2018:05:10 15:07:51,김윤섭,2018-08-07,최연하,2018-08-23,김현미,경기천년 기록 아카이브,경기기록,8인의 작가,아이들,인물,
김윤섭 22_광명 풀씨학교0419_경기도의아이들3901.JPG,M-A321157.jpg,M-A321157,풀씨학교,사진류,image/jpeg,5756x3837,,2018:04:19 11:02:35,김윤섭,2018-08-07,최연하,2018-08-23,김현미,경기천년 기록 아카이브,경기기록,8인의 작가,아이들,인물,
김윤섭 23_광명 볍씨학교0419_경기도의아이들_주제토론4365.JPG,M-A321158.jpg,M-A321158,볍씨학교 주제토론,사진류,image/jpeg,5913x3942,,2018:04:19 15:21:00,김윤섭,2018-08-07,최연하,2018-08-23,김현미,경기천년 기록 아카이브,경기기록,8인의 작가,아이들,인물,
김윤섭 24_시흥 승지초등학교0412_경기도의아이들_교장 교감쌤의 아침인사1972.JPG,M-A321159.jpg,M-A321159,승지초등학교 교장 교감쌤의 아침인사,사진류,image/jpeg,5424x3616,,2018:04:12 08:46:14,김윤섭,2018-08-07,최연하,2018-08-23,김현미,경기천년 기록 아카이브,경기기록,8인의 작가,아이들,인물,
김윤섭 25_광명 풀씨학교0510_경기도의아이들7722.JPG,M-A321160.jpg,M-A321160,풀씨학교,사진류,image/jpeg,5820x3880,,2018:05:10 09:30:14,김윤섭,2018-08-07,최연하,2018-08-23,김현미,경기천년 기록 아카이브,경기기록,8인의 작가,아이들,인물,
김윤섭 26_수원 달팽이어린이집0427_경기도의아이들_헤어지다4982.JPG,M-A321161.jpg,M-A321161,달팽이어린이집 헤어지다,사진류,image/jpeg,5308x3539,,2018:04:27 10:13:00,김윤섭,2018-08-07,최연하,2018-08-23,김현미,경기천년 기록 아카이브,경기기록,8인의 작가,아이들,인물,
김윤섭 27_시흥 승지초등학교0412_경기도의아이들_학부모와 아이들의 대화시간2719.JPG,M-A321162.jpg,M-A321162,승지초등학교 학부모와 아이들의 대화시간,사진류,image/jpeg,5718x3812,,2018:04:12 13:52:09,김윤섭,2018-08-07,최연하,2018-08-23,김현미,경기천년 기록 아카이브,경기기록,8인의 작가,아이들,인물,
김윤섭 28_광명 볍씨학교0510_경기도의아이들8152.JPG,M-A321163.jpg,M-A321163,볍씨학교,사진류,image/jpeg,5615x3743,,2018:05:10 16:18:15,김윤섭,2018-08-07,최연하,2018-08-23,김현미,경기천년 기록 아카이브,경기기록,8인의 작가,아이들,인물,
김윤섭 29_광명 볍씨학교0417_경기도의아이들3270.JPG,M-A321164.jpg,M-A321164,볍씨학교,사진류,image/jpeg,5688x3792,,2018:04:17 12:54:43,김윤섭,2018-08-07,최연하,2018-08-23,김현미,경기천년 기록 아카이브,경기기록,8인의 작가,아이들,인물,
김윤섭 30_광명 볍씨학교0508_경기도의아이들_지기 활동7088.JPG,M-A321165.jpg,M-A321165,볍씨학교 지기 활동,사진류,image/jpeg,5946x3964,,2018:05:08 13:50:56,김윤섭,2018-08-07,최연하,2018-08-23,김현미,경기천년 기록 아카이브,경기기록,8인의 작가,아이들,인물,
김윤섭 31_광명 볍씨학교0508_경기도의아이들7219.JPG,M-A321166.jpg,M-A321166,볍씨학교,사진류,image/jpeg,5910x3940,,2018:05:08 15:13:40,김윤섭,2018-08-07,최연하,2018-08-23,김현미,경기천년 기록 아카이브,경기기록,8인의 작가,아이들,인물,
김윤섭 32_광명 볍씨학교0508_경기도의아이들7303.JPG,M-A321167.jpg,M-A321167,볍씨학교,사진류,image/jpeg,5709x3806,,2018:05:08 15:38:04,김윤섭,2018-08-07,최연하,2018-08-23,김현미,경기천년 기록 아카이브,경기기록,8인의 작가,아이들,인물,
김윤섭 33_광명 볍씨학교0417_경기도의아이들3534.JPG,M-A321168.jpg,M-A321168,볍씨학교,사진류,image/jpeg,5706x3804,,2018:04:17 15:40:28,김윤섭,2018-08-07,최연하,2018-08-23,김현미,경기천년 기록 아카이브,경기기록,8인의 작가,아이들,인물,
김윤섭 34_광명 볍씨학교0508_경기도의아이들7117.JPG,M-A321169.jpg,M-A321169,볍씨학교,사진류,image/jpeg,5946x3964,,2018:05:08 14:27:46,김윤섭,2018-08-07,최연하,2018-08-23,김현미,경기천년 기록 아카이브,경기기록,8인의 작가,아이들,인물,
김윤섭 35_시흥 승지초등학교0410_경기도의아이들0718.JPG,M-A321170.jpg,M-A321170,승지초등학교,사진류,image/jpeg,5494x3663,,2018:04:10 09:25:15,김윤섭,2018-08-07,최연하,2018-08-23,김현미,경기천년 기록 아카이브,경기기록,8인의 작가,아이들,인물,
김윤섭 36_광명 볍씨학교0417_경기도의아이들3322.JPG,M-A321171.jpg,M-A321171,볍씨학교,사진류,image/jpeg,5946x3964,,2018:04:17 13:53:40,김윤섭,2018-08-07,최연하,2018-08-23,김현미,경기천년 기록 아카이브,경기기록,8인의 작가,아이들,인물,
김윤섭 37_수원 달팽이어린이집0424_경기도의아이들3493.JPG,M-A321172.jpg,M-A321172,달팽이어린이집,사진류,image/jpeg,5702x3801,,2018:04:24 12:02:22,김윤섭,2018-08-07,최연하,2018-08-23,김현미,경기천년 기록 아카이브,경기기록,8인의 작가,아이들,인물,
김윤섭 38_시흥 승지초등학교0410_경기도의아이들_돌봄교실1797.JPG,M-A321173.jpg,M-A321173,승지초등학교 돌봄교실,사진류,image/jpeg,5916x3944,,2018:04:10 15:34:08,김윤섭,2018-08-07,최연하,2018-08-23,김현미,경기천년 기록 아카이브,경기기록,8인의 작가,아이들,인물,
김윤섭 39_시흥 승지초등학교0503_경기도의아이들5823.JPG,M-A321174.jpg,M-A321174,승지초등학교,사진류,image/jpeg,5664x3776,,2018:05:03 09:26:57,김윤섭,2018-08-07,최연하,2018-08-23,김현미,경기천년 기록 아카이브,경기기록,8인의 작가,아이들,인물,
김윤섭 40_시흥 승지초등학교0503_경기도의아이들5851.JPG,M-A321175.jpg,M-A321175,승지초등학교,사진류,image/jpeg,5910x3940,,2018:05:03 09:32:11,김윤섭,2018-08-07,최연하,2018-08-23,김현미,경기천년 기록 아카이브,경기기록,8인의 작가,아이들,인물,
김윤섭 41_군포 대야미마을교육공동체0519_경기도의아이들_9212.JPG,M-A321176.jpg,M-A321176,대야미마을교육공동체,사진류,image/jpeg,5492x3661,,2018:05:19 11:26:01,김윤섭,2018-08-07,최연하,2018-08-23,김현미,경기천년 기록 아카이브,경기기록,8인의 작가,아이들,인물,
김윤섭 42_파주 임진각0426_경기도의아이들_남북정상회담 하루 전날 통일시대를 맞이하게 될 아이들 KYS_4795.JPG,M-A321177.jpg,M-A321177,임진각 남북정상회담 하루 전날 통일시대를 맞이하게 될 아이들,사진류,image/jpeg,5485x3657,,2018:04:26 18:44:19,김윤섭,2018-08-07,최연하,2018-08-23,김현미,경기천년 기록 아카이브,경기기록,8인의 작가,아이들,인물,
김윤섭 43_시흥 승지초등학교0410_경기도의아이들_돌봄교실1814.JPG,M-A321178.jpg,M-A321178,승지초등학교 돌봄교실,사진류,image/jpeg,5949x3966,,2018:04:10 15:42:06,김윤섭,2018-08-07,최연하,2018-08-23,김현미,경기천년 기록 아카이브,경기기록,8인의 작가,아이들,인물,
박종우_임진강__81A2638.jpg,M-A321179.jpg,M-A321179,임진강,사진류,image/jpeg,11811x7883,,2015-09-26,박종우,2018-08-07,최연하,2018-08-23,김현미,경기천년 기록 아카이브,경기기록,8인의 작가,임진강,풍경,
박종우_임진강__81A2640.jpg,M-A321180.jpg,M-A321180,임진강,사진류,image/jpeg,11811x7883,,2015-09-26,박종우,2018-08-07,최연하,2018-08-23,김현미,경기천년 기록 아카이브,경기기록,8인의 작가,임진강,풍경,
박종우_임진강__81A2772.jpg,M-A321181.jpg,M-A321181,임진강,사진류,image/jpeg,11811x7883,,2015-09-26,박종우,2018-08-07,최연하,2018-08-23,김현미,경기천년 기록 아카이브,경기기록,8인의 작가,임진강,풍경,
박종우_임진강__81B2790.jpg,M-A321182.jpg,M-A321182,임진강,사진류,image/jpeg,11811x7883,,2015-09-15,박종우,2018-08-07,최연하,2018-08-23,김현미,경기천년 기록 아카이브,경기기록,8인의 작가,임진강,풍경,
박종우_임진강__81B4726.jpg,M-A321183.jpg,M-A321183,임진강,사진류,image/jpeg,11811x7883,,2016-02-29,박종우,2018-08-07,최연하,2018-08-23,김현미,경기천년 기록 아카이브,경기기록,8인의 작가,임진강,풍경,
박종우_임진강_3X_0066.jpg,M-A321184.jpg,M-A321184,임진강,사진류,image/jpeg,11811x7874,,2010-12-27,박종우,2018-08-07,최연하,2018-08-23,김현미,경기천년 기록 아카이브,경기기록,8인의 작가,임진강,풍경,
박종우_임진강_3X_0198.jpg,M-A321185.jpg,M-A321185,임진강,사진류,image/jpeg,11811x7874,,2010-12-27,박종우,2018-08-08,최연하,2018-08-24,김현미,경기천년 기록 아카이브,경기기록,8인의 작가,임진강,풍경,
박종우_임진강_3X_3256.jpg,M-A321186.jpg,M-A321186,임진강,사진류,image/jpeg,11811x7874,,2011-01-21,박종우,2018-08-09,최연하,2018-08-25,김현미,경기천년 기록 아카이브,경기기록,8인의 작가,임진강,풍경,
박종우_임진강_3X_4065.jpg,M-A321187.jpg,M-A321187,임진강,사진류,image/jpeg,11811x7874,,2011-01-30,박종우,2018-08-10,최연하,2018-08-26,김현미,경기천년 기록 아카이브,경기기록,8인의 작가,임진강,풍경,
박종우_임진강_3X_4093.jpg,M-A321188.jpg,M-A321188,임진강,사진류,image/jpeg,11811x7874,,2011-01-30,박종우,2018-08-11,최연하,2018-08-27,김현미,경기천년 기록 아카이브,경기기록,8인의 작가,임진강,풍경,
박종우_임진강_3X_4769.jpg,M-A321189.jpg,M-A321189,임진강,사진류,image/jpeg,11811x7874,,2011-02-23,박종우,2018-08-13,최연하,2018-08-29,김현미,경기천년 기록 아카이브,경기기록,8인의 작가,임진강,풍경,
박종우_임진강_3X_5077.jpg,M-A321190.jpg,M-A321190,임진강,사진류,image/jpeg,7874x11811,,2011-01-12,박종우,2018-08-14,최연하,2018-08-30,김현미,경기천년 기록 아카이브,경기기록,8인의 작가,임진강,풍경,
박종우_임진강_3X_5094.jpg,M-A321191.jpg,M-A321191,임진강,사진류,image/jpeg,11811x7874,,2011-01-12,박종우,2018-08-15,최연하,2018-08-31,김현미,경기천년 기록 아카이브,경기기록,8인의 작가,임진강,풍경,
박종우_임진강_3X_5993.jpg,M-A321192.jpg,M-A321192,임진강,사진류,image/jpeg,11328x7552,,2011-01-21,박종우,2018-08-16,최연하,2018-08-23,김현미,경기천년 기록 아카이브,경기기록,8인의 작가,임진강,풍경,
박종우_임진강_3X_8425.jpg,M-A321193.jpg,M-A321193,임진강,사진류,image/jpeg,7874x11811,,2011-03-04,박종우,2018-08-12,최연하,2018-08-28,김현미,경기천년 기록 아카이브,경기기록,8인의 작가,임진강,풍경,
박종우_임진강_D3X_0051.jpg,M-A321194.jpg,M-A321194,임진강,사진류,image/jpeg,7874x11811,,2010-04-07,박종우,2018-08-17,최연하,2018-08-23,김현미,경기천년 기록 아카이브,경기기록,8인의 작가,임진강,풍경,
박종우_임진강_D3X_0064.jpg,M-A321195.jpg,M-A321195,임진강,사진류,image/jpeg,11811x7874,,2010-04-07,박종우,2018-08-18,최연하,2018-08-23,김현미,경기천년 기록 아카이브,경기기록,8인의 작가,임진강,풍경,
박종우_임진강_D3X_0096.jpg,M-A321196.jpg,M-A321196,임진강,사진류,image/jpeg,7874x11811,,2010-04-07,박종우,2018-08-19,최연하,2018-08-23,김현미,경기천년 기록 아카이브,경기기록,8인의 작가,임진강,풍경,
박종우_임진강_D3X_0218.jpg,M-A321197.jpg,M-A321197,임진강,사진류,image/jpeg,11811x7874,,2010-04-07,박종우,2018-08-20,최연하,2018-08-23,김현미,경기천년 기록 아카이브,경기기록,8인의 작가,임진강,풍경,
박종우_임진강_D3X_0227.jpg,M-A321198.jpg,M-A321198,임진강,사진류,image/jpeg,7794x11811,,2010-04-07,박종우,2018-08-21,최연하,2018-08-23,김현미,경기천년 기록 아카이브,경기기록,8인의 작가,임진강,풍경,
박종우_임진강_D3X_1059.jpg,M-A321199.jpg,M-A321199,임진강,사진류,image/jpeg,11811x7874,,2009-09-07,박종우,2018-08-22,최연하,2018-08-23,김현미,경기천년 기록 아카이브,경기기록,8인의 작가,임진강,풍경,
박종우_임진강_D3X_3232.jpg,M-A321200.jpg,M-A321200,임진강,사진류,image/jpeg,7874x11811,,2009-12-22,박종우,2018-08-23,최연하,2018-08-23,김현미,경기천년 기록 아카이브,경기기록,8인의 작가,임진강,풍경,
박종우_임진강_D3X_6801.jpg,M-A321201.jpg,M-A321201,임진강,사진류,image/jpeg,11811x7874,,2009-11-02,박종우,2018-08-24,최연하,2018-08-23,김현미,경기천년 기록 아카이브,경기기록,8인의 작가,임진강,풍경,
박종우_임진강_D3X_8052.jpg,M-A321202.jpg,M-A321202,임진강,사진류,image/jpeg,11811x7874,,2010-03-22,박종우,2018-08-25,최연하,2018-08-23,김현미,경기천년 기록 아카이브,경기기록,8인의 작가,임진강,풍경,
박종우_임진강_D3X_9616.jpg,M-A321203.jpg,M-A321203,임진강,사진류,image/jpeg,11811x7874,,2010-04-05,박종우,2018-08-26,최연하,2018-08-23,김현미,경기천년 기록 아카이브,경기기록,8인의 작가,임진강,풍경,
박종우_임진강_D3X_9648.jpg,M-A321204.jpg,M-A321204,임진강,사진류,image/jpeg,11811x7874,,2010-04-05,박종우,2018-08-27,최연하,2018-08-23,김현미,경기천년 기록 아카이브,경기기록,8인의 작가,임진강,풍경,
박종우_임진강_D3X_9952.jpg,M-A321205.jpg,M-A321205,임진강,사진류,image/jpeg,11811x7874,,2010-04-07,박종우,2018-08-28,최연하,2018-08-23,김현미,경기천년 기록 아카이브,경기기록,8인의 작가,임진강,풍경,
박종우_임진강_D70_4128L.jpg,M-A321206.jpg,M-A321206,임진강,사진류,image/jpeg,11811x7823,,2011-03-04,박종우,2018-08-29,최연하,2018-08-23,김현미,경기천년 기록 아카이브,경기기록,8인의 작가,임진강,풍경,
박종우_임진강_D8_0192.JPG,M-A321207.jpg,M-A321207,임진강,사진류,image/jpeg,3680x2456,,2018-01-29,박종우,2018-08-07,최연하,2018-08-23,김현미,경기천년 기록 아카이브,경기기록,8인의 작가,임진강,풍경,
박종우_임진강_D8_0201.JPG,M-A321208.jpg,M-A321208,임진강,사진류,image/jpeg,3680x2456,,2018-01-29,박종우,2018-08-07,최연하,2018-08-23,김현미,경기천년 기록 아카이브,경기기록,8인의 작가,임진강,풍경,
박종우_임진강_D85_5671.JPG,M-A321209.jpg,M-A321209,임진강,사진류,image/jpeg,4128x2752,,2018-01-29,박종우,2018-08-30,최연하,2018-08-23,김현미,경기천년 기록 아카이브,경기기록,8인의 작가,임진강,풍경,
박종우_임진강_D85_5716.JPG,M-A321210.jpg,M-A321210,임진강,사진류,image/jpeg,4128x2752,,2018-01-29,박종우,2018-08-31,최연하,2018-08-23,김현미,경기천년 기록 아카이브,경기기록,8인의 작가,임진강,풍경,
박종우_임진강_D85_5798.JPG,M-A321211.jpg,M-A321211,임진강,사진류,image/jpeg,4128x2752,,2018-01-29,박종우,2018-08-07,최연하,2018-08-23,김현미,경기천년 기록 아카이브,경기기록,8인의 작가,임진강,풍경,
박종우_임진강_D85_5852.JPG,M-A321212.jpg,M-A321212,임진강,사진류,image/jpeg,4128x2752,,2018-01-29,박종우,2018-08-07,최연하,2018-08-23,김현미,경기천년 기록 아카이브,경기기록,8인의 작가,임진강,풍경,
박종우_임진강_D85_5925.JPG,M-A321213.jpg,M-A321213,임진강,사진류,image/jpeg,4128x2752,,2018-01-29,박종우,2018-08-07,최연하,2018-08-23,김현미,경기천년 기록 아카이브,경기기록,8인의 작가,임진강,풍경,
박종우_임진강_D85_5959.JPG,M-A321214.jpg,M-A321214,임진강,사진류,image/jpeg,4128x2752,,2018-01-29,박종우,2018-08-07,최연하,2018-08-23,김현미,경기천년 기록 아카이브,경기기록,8인의 작가,임진강,풍경,
박종우_임진강_D85_5971.JPG,M-A321215.jpg,M-A321215,임진강,사진류,image/jpeg,4128x2752,,2018-01-29,박종우,2018-08-07,최연하,2018-08-23,김현미,경기천년 기록 아카이브,경기기록,8인의 작가,임진강,풍경,
박종우_임진강_D85_6024.JPG,M-A321216.jpg,M-A321216,임진강,사진류,image/jpeg,4128x2752,,2018-01-29,박종우,2018-08-07,최연하,2018-08-23,김현미,경기천년 기록 아카이브,경기기록,8인의 작가,임진강,풍경,
박종우_임진강_D85_6605.JPG,M-A321217.jpg,M-A321217,임진강,사진류,image/jpeg,4128x2752,,2018-02-08,박종우,2018-08-07,최연하,2018-08-23,김현미,경기천년 기록 아카이브,경기기록,8인의 작가,임진강,풍경,
박종우_임진강_D85_6610.JPG,M-A321218.jpg,M-A321218,임진강,사진류,image/jpeg,4128x2752,,2018-02-08,박종우,2018-08-07,최연하,2018-08-23,김현미,경기천년 기록 아카이브,경기기록,8인의 작가,임진강,풍경,
박종우_임진강_D85_6617.JPG,M-A321219.jpg,M-A321219,임진강,사진류,image/jpeg,4128x2752,,2018-02-08,박종우,2018-08-07,최연하,2018-08-23,김현미,경기천년 기록 아카이브,경기기록,8인의 작가,임진강,풍경,
박종우_임진강_IMG_0188r.jpg,M-A321220.jpg,M-A321220,임진강,사진류,image/jpeg,11811x7874,,2010-03-02,박종우,2018-08-07,최연하,2018-08-23,김현미,경기천년 기록 아카이브,경기기록,8인의 작가,임진강,풍경,
박종우_임진강_IMG_0657r.jpg,M-A321221.jpg,M-A321221,임진강,사진류,image/jpeg,11811x7874,,2009-11-03,박종우,2018-08-07,최연하,2018-08-23,김현미,경기천년 기록 아카이브,경기기록,8인의 작가,임진강,풍경,
박종우_임진강_IMG_3191r.jpg,M-A321222.jpg,M-A321222,임진강,사진류,image/jpeg,11811x7874,,2010-11-09,박종우,2018-08-07,최연하,2018-08-23,김현미,경기천년 기록 아카이브,경기기록,8인의 작가,임진강,풍경,
박종우_임진강_IMG_3242r.jpg,M-A321223.jpg,M-A321223,임진강,사진류,image/jpeg,11811x7874,,2010-11-09,박종우,2018-08-07,최연하,2018-08-23,김현미,경기천년 기록 아카이브,경기기록,8인의 작가,임진강,풍경,
박종우_임진강_IMG_3805r.jpg,M-A321224.jpg,M-A321224,임진강,사진류,image/jpeg,11811x7874,,2010-04-05,박종우,2018-08-07,최연하,2018-08-23,김현미,경기천년 기록 아카이브,경기기록,8인의 작가,임진강,풍경,
박종우_임진강_IMG_3812r.jpg,M-A321225.jpg,M-A321225,임진강,사진류,image/jpeg,11811x7874,,2010-04-05,박종우,2018-08-07,최연하,2018-08-23,김현미,경기천년 기록 아카이브,경기기록,8인의 작가,임진강,풍경,
박종우_임진강_IMG_6739_crp.jpg,M-A321226.jpg,M-A321226,임진강,사진류,image/jpeg,7884x5256,,2010-02-03,박종우,2018-08-07,최연하,2018-08-23,김현미,경기천년 기록 아카이브,경기기록,8인의 작가,임진강,풍경,
성남훈_0001.jpg,M-A321227.jpg,M-A321227,안산시 원곡동,사진류,image/jpeg,3000x2448,,2018-06-17,성남훈,2018-08-07,최연하,2018-08-23,김현미,경기천년 기록 아카이브,경기기록,8인의 작가,안산시 원곡동,풍경,
성남훈_0002.jpg,M-A321228.jpg,M-A321228,안산시 원곡동,사진류,image/jpeg,3000x2409,,2018-06-17,성남훈,2018-08-07,최연하,2018-08-23,김현미,경기천년 기록 아카이브,경기기록,8인의 작가,안산시 원곡동,풍경,
성남훈_0003.jpg,M-A321229.jpg,M-A321229,안산시 원곡동,사진류,image/jpeg,3000x2443,,2018-06-17,성남훈,2018-08-07,최연하,2018-08-23,김현미,경기천년 기록 아카이브,경기기록,8인의 작가,안산시 원곡동,풍경,
성남훈_0004.jpg,M-A321230.jpg,M-A321230,안산시 원곡동,사진류,image/jpeg,3000x2412,,2018-06-17,성남훈,2018-08-07,최연하,2018-08-23,김현미,경기천년 기록 아카이브,경기기록,8인의 작가,안산시 원곡동,풍경,
성남훈_0005.jpg,M-A321231.jpg,M-A321231,안산시 원곡동,사진류,image/jpeg,3000x2416,,2018-06-17,성남훈,2018-08-07,최연하,2018-08-23,김현미,경기천년 기록 아카이브,경기기록,8인의 작가,안산시 원곡동,풍경,
성남훈_0006.jpg,M-A321232.jpg,M-A321232,안산시 원곡동,사진류,image/jpeg,3000x2417,,2018-06-13,성남훈,2018-08-07,최연하,2018-08-23,김현미,경기천년 기록 아카이브,경기기록,8인의 작가,안산시 원곡동,풍경,
성남훈_0007.jpg,M-A321233.jpg,M-A321233,안산시 원곡동,사진류,image/jpeg,3000x2415,,2018-06-13,성남훈,2018-08-07,최연하,2018-08-23,김현미,경기천년 기록 아카이브,경기기록,8인의 작가,안산시 원곡동,풍경,
성남훈_0008.jpg,M-A321234.jpg,M-A321234,안산시 원곡동,사진류,image/jpeg,3000x2426,,2018-06-17,성남훈,2018-08-07,최연하,2018-08-23,김현미,경기천년 기록 아카이브,경기기록,8인의 작가,안산시 원곡동,풍경,
성남훈_0009.jpg,M-A321235.jpg,M-A321235,안산시 원곡동,사진류,image/jpeg,3000x2420,,2018-06-17,성남훈,2018-08-07,최연하,2018-08-23,김현미,경기천년 기록 아카이브,경기기록,8인의 작가,안산시 원곡동,풍경,
성남훈_0010.jpg,M-A321236.jpg,M-A321236,안산시 원곡동,사진류,image/jpeg,3000x2419,,2018-06-17,성남훈,2018-08-07,최연하,2018-08-23,김현미,경기천년 기록 아카이브,경기기록,8인의 작가,안산시 원곡동,풍경,
성남훈_0011.jpg,M-A321237.jpg,M-A321237,안산시 원곡동,사진류,image/jpeg,3000x2413,,2018-06-17,성남훈,2018-08-07,최연하,2018-08-23,김현미,경기천년 기록 아카이브,경기기록,8인의 작가,안산시 원곡동,풍경,
성남훈_0012.jpg,M-A321238.jpg,M-A321238,안산시 원곡동,사진류,image/jpeg,3000x2420,,2018-06-17,성남훈,2018-08-07,최연하,2018-08-23,김현미,경기천년 기록 아카이브,경기기록,8인의 작가,안산시 원곡동,풍경,
성남훈_0013.jpg,M-A321239.jpg,M-A321239,안산시 원곡동,사진류,image/jpeg,3000x2413,,2018-06-17,성남훈,2018-08-07,최연하,2018-08-23,김현미,경기천년 기록 아카이브,경기기록,8인의 작가,안산시 원곡동,풍경,
성남훈_0014.jpg,M-A321240.jpg,M-A321240,안산시 원곡동,사진류,image/jpeg,3000x2415,,2018-06-13,성남훈,2018-08-07,최연하,2018-08-23,김현미,경기천년 기록 아카이브,경기기록,8인의 작가,안산시 원곡동,풍경,
성남훈_0015.jpg,M-A321241.jpg,M-A321241,안산시 원곡동,사진류,image/jpeg,3000x3720,,2018-06-19,성남훈,2018-08-07,최연하,2018-08-23,김현미,경기천년 기록 아카이브,경기기록,8인의 작가,안산시 원곡동,풍경,
성남훈_0016.jpg,M-A321242.jpg,M-A321242,안산시 원곡동,사진류,image/jpeg,3000x3720,,2018-06-19,성남훈,2018-08-07,최연하,2018-08-23,김현미,경기천년 기록 아카이브,경기기록,8인의 작가,안산시 원곡동,풍경,
성남훈_0017.jpg,M-A321243.jpg,M-A321243,안산시 원곡동,사진류,image/jpeg,3000x3721,,2018-06-19,성남훈,2018-08-07,최연하,2018-08-23,김현미,경기천년 기록 아카이브,경기기록,8인의 작가,안산시 원곡동,풍경,
성남훈_0018.jpg,M-A321244.jpg,M-A321244,안산시 원곡동,사진류,image/jpeg,3000x3716,,2018-06-19,성남훈,2018-08-07,최연하,2018-08-23,김현미,경기천년 기록 아카이브,경기기록,8인의 작가,안산시 원곡동,풍경,
성남훈_0019.jpg,M-A321245.jpg,M-A321245,안산시 원곡동,사진류,image/jpeg,3000x3720,,2018-06-19,성남훈,2018-08-07,최연하,2018-08-23,김현미,경기천년 기록 아카이브,경기기록,8인의 작가,안산시 원곡동,풍경,
신병문-가평군/북한강_201306.jpg,M-A321246.jpg,M-A321246,가평군 북한강,사진류,image/jpeg,7360x4912,,2013-06-30,신병문,2018-08-07,최연하,2018-08-23,김현미,경기천년 기록 아카이브,경기기록,8인의 작가,하늘에서 본 경기,풍경,
신병문-경기도 가평군 가평읍_1432_00001.jpg,M-A321247.jpg,M-A321247,경기도 가평군 가평읍,사진류,image/jpeg,7209x4811,,2013-06-30,신병문,2018-08-07,최연하,2018-08-23,김현미,경기천년 기록 아카이브,경기기록,8인의 작가,하늘에서 본 경기,풍경,
신병문-경기도 가평군 겨울축제 얼음낚시-201201.jpg,M-A321248.jpg,M-A321248,경기도 가평군 겨울축제 얼음낚시,사진류,image/jpeg,4256x2832,,2012-01-07,신병문,2018-08-07,최연하,2018-08-23,김현미,경기천년 기록 아카이브,경기기록,8인의 작가,하늘에서 본 경기,풍경,
신병문-경기도 가평군 북한강 수상스키201306.jpg,M-A321249.jpg,M-A321249,경기도 가평군 북한강 수상스키,사진류,image/jpeg,7360x4912,,2013-06-30,신병문,2018-08-07,최연하,2018-08-23,김현미,경기천년 기록 아카이브,경기기록,8인의 작가,하늘에서 본 경기,풍경,
신병문-경기도 가평군 북한강_201210.jpg,M-A321250.jpg,M-A321250,경기도 가평군 북한강,사진류,image/jpeg,6048x4032,,2012-10-23,신병문,2018-08-07,최연하,2018-08-23,김현미,경기천년 기록 아카이브,경기기록,8인의 작가,하늘에서 본 경기,풍경,
신병문-경기도 가평군 수상스키 201309.jpg,M-A321251.jpg,M-A321251,경기도 가평군 수상스키 ,사진류,image/jpeg,7021x4686,,2013-09-15,신병문,2018-08-07,최연하,2018-08-23,김현미,경기천년 기록 아카이브,경기기록,8인의 작가,하늘에서 본 경기,풍경,
신병문-경기도 가평군 자라섬 201210.jpg,M-A321252.jpg,M-A321252,경기도 가평군 자라섬 ,사진류,image/jpeg,6048x4032,,2012-10-23,신병문,2018-08-07,최연하,2018-08-23,김현미,경기천년 기록 아카이브,경기기록,8인의 작가,하늘에서 본 경기,풍경,
신병문-경기도 가평군 청평 북한강201306.jpg,M-A321253.jpg,M-A321253,경기도 가평군 청평 북한강,사진류,image/jpeg,7360x4912,,2013-06-30,신병문,2018-08-07,최연하,2018-08-23,김현미,경기천년 기록 아카이브,경기기록,8인의 작가,하늘에서 본 경기,풍경,
신병문-경기도 고양시 _20180124_.jpg,M-A321254.jpg,M-A321254,경기도 고양시 ,사진류,image/jpeg,7085x4729,,2018-01-24,신병문,2018-08-07,최연하,2018-08-23,김현미,경기천년 기록 아카이브,경기기록,8인의 작가,하늘에서 본 경기,풍경,
신병문-경기도 고양시 북한산_20180124.jpg,M-A321255.jpg,M-A321255,경기도 고양시 북한산,사진류,image/jpeg,7360x4912,,2018-01-24,신병문,2018-08-07,최연하,2018-08-23,김현미,경기천년 기록 아카이브,경기기록,8인의 작가,하늘에서 본 경기,풍경,
신병문-경기도 고양시 일산 _180124_110322_00006.jpg,M-A321256.jpg,M-A321256,경기도 고양시 일산 ,사진류,image/jpeg,7360x4912,,2018-01-24,신병문,2018-08-07,최연하,2018-08-23,김현미,경기천년 기록 아카이브,경기기록,8인의 작가,하늘에서 본 경기,풍경,
신병문-경기도 고양시 일산 _180124_110340_00007.jpg,M-A321257.jpg,M-A321257,경기도 고양시 일산 ,사진류,image/jpeg,7360x4912,,2018-01-24,신병문,2018-08-07,최연하,2018-08-23,김현미,경기천년 기록 아카이브,경기기록,8인의 작가,하늘에서 본 경기,풍경,
신병문-경기도 고양시 일산암센터 _20180124_.jpg,M-A321258.jpg,M-A321258,경기도 고양시 일산암센터 ,사진류,image/jpeg,7085x4729,,2018-01-24,신병문,2018-08-07,최연하,2018-08-23,김현미,경기천년 기록 아카이브,경기기록,8인의 작가,하늘에서 본 경기,풍경,
신병문-경기도 고양시 자유로 한강 _180124_094338_00011.jpg,M-A321259.jpg,M-A321259,경기도 고양시 자유로 한강 ,사진류,image/jpeg,7360x4912,,2018-01-24,신병문,2018-08-07,최연하,2018-08-23,김현미,경기천년 기록 아카이브,경기기록,8인의 작가,하늘에서 본 경기,풍경,
신병문-경기도 고양시 장항동_20180124.jpg,M-A321260.jpg,M-A321260,경기도 고양시 장항동,사진류,image/jpeg,7137x4763,,2018-01-24,신병문,2018-08-07,최연하,2018-08-23,김현미,경기천년 기록 아카이브,경기기록,8인의 작가,하늘에서 본 경기,풍경,
신병문-경기도 고양시 장항동_20180124_.jpg,M-A321261.jpg,M-A321261,경기도 고양시 장항동,사진류,image/jpeg,7173x4787,,2018-01-24,신병문,2018-08-07,최연하,2018-08-23,김현미,경기천년 기록 아카이브,경기기록,8인의 작가,하늘에서 본 경기,풍경,
신병문-경기도 과천시 관악산 (구)정부청사_180616_070833_00002.jpg,M-A321262.jpg,M-A321262,경기도 과천시 관악산 (구)정부청사,사진류,image/jpeg,7085x4729,,2018-06-16,신병문,2018-08-07,최연하,2018-08-23,김현미,경기천년 기록 아카이브,경기기록,8인의 작가,하늘에서 본 경기,풍경,
신병문-경기도 과천시 관악산 렛츠런파크_180616_065124_00003.jpg,M-A321263.jpg,M-A321263,경기도 과천시 관악산 렛츠런파크,사진류,image/jpeg,7227x4823,,2018-06-16,신병문,2018-08-07,최연하,2018-08-23,김현미,경기천년 기록 아카이브,경기기록,8인의 작가,하늘에서 본 경기,풍경,
신병문-경기도 과천시 관악산_180616_071427_00004.jpg,M-A321264.jpg,M-A321264,경기도 과천시 관악산,사진류,image/jpeg,7360x4912,,2018-06-16,신병문,2018-08-07,최연하,2018-08-23,김현미,경기천년 기록 아카이브,경기기록,8인의 작가,하늘에서 본 경기,풍경,
신병문-경기도 과천시 렛츠런파크_180616_070546_00006.jpg,M-A321265.jpg,M-A321265,경기도 과천시 렛츠런파크,사진류,image/jpeg,7360x4912,,2018-06-16,신병문,2018-08-07,최연하,2018-08-23,김현미,경기천년 기록 아카이브,경기기록,8인의 작가,하늘에서 본 경기,풍경,
신병문-경기도 광명시 ktx광명역_180616_071820_00083.jpg,M-A321266.jpg,M-A321266,경기도 광명시 ktx광명역,사진류,image/jpeg,7360x4912,,2018-06-16,신병문,2018-08-07,최연하,2018-08-23,김현미,경기천년 기록 아카이브,경기기록,8인의 작가,하늘에서 본 경기,풍경,
신병문-경기도 광명시_180429_065651_00001.jpg,M-A321267.jpg,M-A321267,경기도 광명시,사진류,image/jpeg,7360x4912,,2018-04-29,신병문,2018-08-07,최연하,2018-08-23,김현미,경기천년 기록 아카이브,경기기록,8인의 작가,하늘에서 본 경기,풍경,
신병문-경기도 광주시 에버랜드_201509.jpg,M-A321268.jpg,M-A321268,경기도 광주시 에버랜드,사진류,image/jpeg,7436x5026,,2015-09-27,신병문,2018-08-07,최연하,2018-08-23,김현미,경기천년 기록 아카이브,경기기록,8인의 작가,하늘에서 본 경기,풍경,
신병문-경기도 광주시 추모공원_201509.jpg,M-A321269.jpg,M-A321269,경기도 광주시 추모공원,사진류,image/jpeg,7360x4912,,2015-09-27,신병문,2018-08-07,최연하,2018-08-23,김현미,경기천년 기록 아카이브,경기기록,8인의 작가,하늘에서 본 경기,풍경,
신병문-경기도 광주시 추모공원_201509-.jpg,M-A321270.jpg,M-A321270,경기도 광주시 추모공원,사진류,image/jpeg,7360x4912,,2015-09-27,신병문,2018-08-07,최연하,2018-08-23,김현미,경기천년 기록 아카이브,경기기록,8인의 작가,하늘에서 본 경기,풍경,
신병문-경기도 구리시 남양주시_180616_065454_00001.jpg,M-A321271.jpg,M-A321271,경기도 구리시 남양주시,사진류,image/jpeg,7360x4912,,2018-06-16,신병문,2018-08-07,최연하,2018-08-23,김현미,경기천년 기록 아카이브,경기기록,8인의 작가,하늘에서 본 경기,풍경,
신병문-경기도 군포시 물류터미널_180429_073613_00003.jpg,M-A321272.jpg,M-A321272,경기도 군포시 물류터미널,사진류,image/jpeg,7360x4912,,2018-04-29,신병문,2018-08-07,최연하,2018-08-23,김현미,경기천년 기록 아카이브,경기기록,8인의 작가,하늘에서 본 경기,풍경,
신병문-경기도 군포시 안양컨트리클럽_180429_072220_00006.jpg,M-A321273.jpg,M-A321273,경기도 군포시 안양컨트리클럽,사진류,image/jpeg,7360x4912,,2018-04-29,신병문,2018-08-07,최연하,2018-08-23,김현미,경기천년 기록 아카이브,경기기록,8인의 작가,하늘에서 본 경기,풍경,
신병문-경기도 군포시 안양컨트리클럽_180429_073403_00011.jpg,M-A321274.jpg,M-A321274,경기도 군포시 안양컨트리클럽,사진류,image/jpeg,7360x4912,,2018-04-29,신병문,2018-08-07,최연하,2018-08-23,김현미,경기천년 기록 아카이브,경기기록,8인의 작가,하늘에서 본 경기,풍경,
신병문-경기도 군포시 철쭉동산_20180429.jpg,M-A321275.jpg,M-A321275,경기도 군포시 철쭉동산,사진류,image/jpeg,7360x4912,,2018-04-29,신병문,2018-08-07,최연하,2018-08-23,김현미,경기천년 기록 아카이브,경기기록,8인의 작가,하늘에서 본 경기,풍경,
신병문-경기도 동두천시_20180124.jpg,M-A321276.jpg,M-A321276,경기도 동두천시,사진류,image/jpeg,7360x4912,,2018-01-24,신병문,2018-08-07,최연하,2018-08-23,김현미,경기천년 기록 아카이브,경기기록,8인의 작가,하늘에서 본 경기,풍경,
신병문-경기도 동두천시_20180124_.jpg,M-A321277.jpg,M-A321277,경기도 동두천시,사진류,image/jpeg,7360x4912,,2018-01-24,신병문,2018-08-07,최연하,2018-08-23,김현미,경기천년 기록 아카이브,경기기록,8인의 작가,하늘에서 본 경기,풍경,
신병문-경기도 부천시 20160229_.jpg,M-A321278.jpg,M-A321278,경기도 부천시 ,사진류,image/jpeg,7119x4751,,2016-02-29,신병문,2018-08-07,최연하,2018-08-23,김현미,경기천년 기록 아카이브,경기기록,8인의 작가,하늘에서 본 경기,풍경,
신병문-경기도 부천시_180616_060934_00002.jpg,M-A321279.jpg,M-A321279,경기도 부천시,사진류,image/jpeg,7360x4912,,2018-06-16,신병문,2018-08-07,최연하,2018-08-23,김현미,경기천년 기록 아카이브,경기기록,8인의 작가,하늘에서 본 경기,풍경,
신병문-경기도 성남시 분당구 구미동_180616_063748_00003.jpg,M-A321280.jpg,M-A321280,경기도 성남시 분당구 구미동,사진류,image/jpeg,7283x4861,,2018-06-16,신병문,2018-08-07,최연하,2018-08-23,김현미,경기천년 기록 아카이브,경기기록,8인의 작가,하늘에서 본 경기,풍경,
신병문-경기도 성남시 분당구 수내동_180616_064427_00004.jpg,M-A321281.jpg,M-A321281,경기도 성남시 분당구 수내동,사진류,image/jpeg,7360x4912,,2018-06-16,신병문,2018-08-07,최연하,2018-08-23,김현미,경기천년 기록 아카이브,경기기록,8인의 작가,하늘에서 본 경기,풍경,
신병문-경기도 성남시 분당구 판교_180616_064207_00005.jpg,M-A321282.jpg,M-A321282,경기도 성남시 분당구 판교,사진류,image/jpeg,7283x4861,,2018-06-16,신병문,2018-08-07,최연하,2018-08-23,김현미,경기천년 기록 아카이브,경기기록,8인의 작가,하늘에서 본 경기,풍경,
신병문-경기도 성남시 분당구 판교동_180616_064240_00006.jpg,M-A321283.jpg,M-A321283,경기도 성남시 분당구 판교동,사진류,image/jpeg,7360x4912,,2018-06-16,신병문,2018-08-07,최연하,2018-08-23,김현미,경기천년 기록 아카이브,경기기록,8인의 작가,하늘에서 본 경기,풍경,
신병문-경기도 성남시 분당구 판교동_180616_064256_00007.jpg,M-A321284.jpg,M-A321284,경기도 성남시 분당구 판교동,사진류,image/jpeg,7360x4912,,2018-06-16,신병문,2018-08-07,최연하,2018-08-23,김현미,경기천년 기록 아카이브,경기기록,8인의 작가,하늘에서 본 경기,풍경,
신병문-경기도 성남시 분당구 판교동_180616_064324_00008.jpg,M-A321285.jpg,M-A321285,경기도 성남시 분당구 판교동,사진류,image/jpeg,7209x4811,,2018-06-16,신병문,2018-08-07,최연하,2018-08-23,김현미,경기천년 기록 아카이브,경기기록,8인의 작가,하늘에서 본 경기,풍경,
신병문-경기도 성남시 분당구_180616_064234_00009.jpg,M-A321286.jpg,M-A321286,경기도 성남시 분당구,사진류,image/jpeg,4912x7360,,2018-06-16,신병문,2018-08-07,최연하,2018-08-23,김현미,경기천년 기록 아카이브,경기기록,8인의 작가,하늘에서 본 경기,풍경,
신병문-경기도 성남시 판교테크노파크_180616_064832_00010 (1).jpg,M-A321287.jpg,M-A321287,경기도 성남시 판교테크노파크,사진류,image/jpeg,7360x4912,,2018-06-16,신병문,2018-08-07,최연하,2018-08-23,김현미,경기천년 기록 아카이브,경기기록,8인의 작가,하늘에서 본 경기,풍경,
신병문-경기도 수원시 (구)서울농대 농촌진흥청_180616_062441_00012.jpg,M-A321288.jpg,M-A321288,경기도 수원시 (구)서울농대 농촌진흥청,사진류,image/jpeg,7360x4912,,2018-06-16,신병문,2018-08-07,최연하,2018-08-23,김현미,경기천년 기록 아카이브,경기기록,8인의 작가,하늘에서 본 경기,풍경,
신병문-경기도 수원시 (구)서울농대 농촌진흥청_180616_062452_00013.jpg,M-A321289.jpg,M-A321289,경기도 수원시 (구)서울농대 농촌진흥청,사진류,image/jpeg,7360x4912,,2018-06-16,신병문,2018-08-07,최연하,2018-08-23,김현미,경기천년 기록 아카이브,경기기록,8인의 작가,하늘에서 본 경기,풍경,
신병문-경기도 수원시 (구)서울농대 농촌진흥청_180616_062501_00014.jpg,M-A321290.jpg,M-A321290,경기도 수원시 (구)서울농대 농촌진흥청,사진류,image/jpeg,7360x4912,,2018-06-16,신병문,2018-08-07,최연하,2018-08-23,김현미,경기천년 기록 아카이브,경기기록,8인의 작가,하늘에서 본 경기,풍경,
신병문-경기도 수원시 (구)서울농대 농촌진흥청_180616_062516_00015.jpg,M-A321291.jpg,M-A321291,경기도 수원시 (구)서울농대 농촌진흥청,사진류,image/jpeg,7360x4912,,2018-06-16,신병문,2018-08-07,최연하,2018-08-23,김현미,경기천년 기록 아카이브,경기기록,8인의 작가,하늘에서 본 경기,풍경,
신병문-경기도 수원시 _180616_063452_00011.jpg,M-A321292.jpg,M-A321292,경기도 수원시 ,사진류,image/jpeg,7173x4787,,2018-06-16,신병문,2018-08-07,최연하,2018-08-23,김현미,경기천년 기록 아카이브,경기기록,8인의 작가,하늘에서 본 경기,풍경,
신병문-경기도 수원시 팔달산 도청 _180616_062552_00016.jpg,M-A321293.jpg,M-A321293,경기도 수원시 팔달산 도청 ,사진류,image/jpeg,7321x4885,,2018-06-16,신병문,2018-08-07,최연하,2018-08-23,김현미,경기천년 기록 아카이브,경기기록,8인의 작가,하늘에서 본 경기,풍경,
신병문-경기도 수원시 화성_180616_062751_00017.jpg,M-A321294.jpg,M-A321294,경기도 수원시 화성,사진류,image/jpeg,7360x4912,,2018-06-16,신병문,2018-08-07,최연하,2018-08-23,김현미,경기천년 기록 아카이브,경기기록,8인의 작가,하늘에서 본 경기,풍경,
신병문-경기도 수원시 화성_180616_062925_00018.jpg,M-A321295.jpg,M-A321295,경기도 수원시 화성,사진류,image/jpeg,7360x4912,,2018-06-16,신병문,2018-08-07,최연하,2018-08-23,김현미,경기천년 기록 아카이브,경기기록,8인의 작가,하늘에서 본 경기,풍경,
신병문-경기도 수원시 화성_180616_063011_00019.jpg,M-A321296.jpg,M-A321296,경기도 수원시 화성,사진류,image/jpeg,7360x4912,,2018-06-16,신병문,2018-08-07,최연하,2018-08-23,김현미,경기천년 기록 아카이브,경기기록,8인의 작가,하늘에서 본 경기,풍경,
신병문-경기도 수원시 화성_180616_063016_00020.jpg,M-A321297.jpg,M-A321297,경기도 수원시 화성,사진류,image/jpeg,7360x4912,,2018-06-16,신병문,2018-08-07,최연하,2018-08-23,김현미,경기천년 기록 아카이브,경기기록,8인의 작가,하늘에서 본 경기,풍경,
신병문-경기도 시흥시 갯골_201411.jpg,M-A321298.jpg,M-A321298,경기도 시흥시 갯골,사진류,image/jpeg,7360x4912,,2014-11-16,신병문,2018-08-07,최연하,2018-08-23,김현미,경기천년 기록 아카이브,경기기록,8인의 작가,하늘에서 본 경기,풍경,
신병문-경기도 시흥시 미나리꽝_20180429_.jpg,M-A321299.jpg,M-A321299,경기도 시흥시 미나리꽝,사진류,image/jpeg,7360x4912,,2018-04-29,신병문,2018-08-07,최연하,2018-08-23,김현미,경기천년 기록 아카이브,경기기록,8인의 작가,하늘에서 본 경기,풍경,
신병문-경기도 시흥시 시화산업단지 201207.jpg,M-A321300.jpg,M-A321300,경기도 시흥시 시화산업단지 ,사진류,image/jpeg,5777x3851,,2012-07-01,신병문,2018-08-07,최연하,2018-08-23,김현미,경기천년 기록 아카이브,경기기록,8인의 작가,하늘에서 본 경기,풍경,
신병문-경기도 시흥시 아파트단지 201207.jpg,M-A321301.jpg,M-A321301,경기도 시흥시 아파트단지 ,사진류,image/jpeg,5523x3683,,2012-07-01,신병문,2018-08-07,최연하,2018-08-23,김현미,경기천년 기록 아카이브,경기기록,8인의 작가,하늘에서 본 경기,풍경,
신병문-경기도 시흥시 오이도 201208.jpg,M-A321302.jpg,M-A321302,경기도 시흥시 오이도 ,사진류,image/jpeg,5953x3969,,2012-08-11,신병문,2018-08-07,최연하,2018-08-23,김현미,경기천년 기록 아카이브,경기기록,8인의 작가,하늘에서 본 경기,풍경,
신병문-경기도 시흥시 오이도 201208-.jpg,M-A321303.jpg,M-A321303,경기도 시흥시 오이도 ,사진류,image/jpeg,5601x3733,,2012-08-11,신병문,2018-08-07,최연하,2018-08-23,김현미,경기천년 기록 아카이브,경기기록,8인의 작가,하늘에서 본 경기,풍경,
신병문-경기도 시흥시 월곳포구_201804.jpg,M-A321304.jpg,M-A321304,경기도 시흥시 월곳포구,사진류,image/jpeg,7360x4912,,2018-04-29,신병문,2018-08-07,최연하,2018-08-23,김현미,경기천년 기록 아카이브,경기기록,8인의 작가,하늘에서 본 경기,풍경,
신병문-경기도 시흥시/오이도 1_201808.jpg,M-A321305.jpg,M-A321305,경기도 시흥시/오이도 ,사진류,image/jpeg,5821x3881,,2012-08-11,신병문,2018-08-07,최연하,2018-08-23,김현미,경기천년 기록 아카이브,경기기록,8인의 작가,하늘에서 본 경기,풍경,
신병문-경기도 안산시 대부도 탄도항 201309.jpg,M-A321306.jpg,M-A321306,경기도 안산시 대부도 탄도항 ,사진류,image/jpeg,7360x4912,,2013-09-02,신병문,2018-08-07,최연하,2018-08-23,김현미,경기천년 기록 아카이브,경기기록,8인의 작가,하늘에서 본 경기,풍경,
신병문-경기도 안산시 도시농업 텃밭_20180429.jpg,M-A321307.jpg,M-A321307,경기도 안산시 도시농업 텃밭,사진류,image/jpeg,7360x4912,,2018-04-29,신병문,2018-08-07,최연하,2018-08-23,김현미,경기천년 기록 아카이브,경기기록,8인의 작가,하늘에서 본 경기,풍경,
신병문-경기도 안산시 반월국가산업단지_20180429.jpg,M-A321308.jpg,M-A321308,경기도 안산시 반월국가산업단지,사진류,image/jpeg,7360x4912,,2018-04-29,신병문,2018-08-07,최연하,2018-08-23,김현미,경기천년 기록 아카이브,경기기록,8인의 작가,하늘에서 본 경기,풍경,
신병문-경기도 안성시 경부고속 안성분기점_20170617.jpg,M-A321309.jpg,M-A321309,경기도 안성시 경부고속 안성분기점,사진류,image/jpeg,7360x4912,,2017-06-17,신병문,2018-08-07,최연하,2018-08-23,김현미,경기천년 기록 아카이브,경기기록,8인의 작가,하늘에서 본 경기,풍경,
신병문-경기도 안성시 다락논_20180520.jpg,M-A321310.jpg,M-A321310,경기도 안성시 다락논,사진류,image/jpeg,7360x4912,,2018-05-20,신병문,2018-08-07,최연하,2018-08-23,김현미,경기천년 기록 아카이브,경기기록,8인의 작가,하늘에서 본 경기,풍경,
신병문-경기도 안성시 다락논_20180520_.jpg,M-A321311.jpg,M-A321311,경기도 안성시 다락논,사진류,image/jpeg,7360x4912,,2018-05-20,신병문,2018-08-07,최연하,2018-08-23,김현미,경기천년 기록 아카이브,경기기록,8인의 작가,하늘에서 본 경기,풍경,
신병문-경기도 안성시 다락논_20180520_01.jpg,M-A321312.jpg,M-A321312,경기도 안성시 다락논,사진류,image/jpeg,7360x4912,,2018-05-20,신병문,2018-08-07,최연하,2018-08-23,김현미,경기천년 기록 아카이브,경기기록,8인의 작가,하늘에서 본 경기,풍경,
신병문-경기도 안성시 다랭이논_20170617.jpg,M-A321313.jpg,M-A321313,경기도 안성시 다랭이논,사진류,image/jpeg,7360x4912,,2017-06-17,신병문,2018-08-07,최연하,2018-08-23,김현미,경기천년 기록 아카이브,경기기록,8인의 작가,하늘에서 본 경기,풍경,
신병문-경기도 안성시 다랭이논_20170617-.jpg,M-A321314.jpg,M-A321314,경기도 안성시 다랭이논,사진류,image/jpeg,7303x4873,,2017-06-17,신병문,2018-08-07,최연하,2018-08-23,김현미,경기천년 기록 아카이브,경기기록,8인의 작가,하늘에서 본 경기,풍경,
신병문-경기도 안성시 목장 팜랜드201412.jpg,M-A321315.jpg,M-A321315,경기도 안성시 목장 팜랜드,사진류,image/jpeg,7155x4775,,2014-12-22,신병문,2018-08-07,최연하,2018-08-23,김현미,경기천년 기록 아카이브,경기기록,8인의 작가,하늘에서 본 경기,풍경,
신병문-경기도 안성시 안성천_20180520.jpg,M-A321316.jpg,M-A321316,경기도 안성시 안성천,사진류,image/jpeg,4912x7360,,2018-05-20,신병문,2018-08-07,최연하,2018-08-23,김현미,경기천년 기록 아카이브,경기기록,8인의 작가,하늘에서 본 경기,풍경,
신병문-경기도 안성시 안성팜랜드_201805.jpg,M-A321317.jpg,M-A321317,경기도 안성시 안성팜랜드,사진류,image/jpeg,7360x4912,,2018-05-20,신병문,2018-08-07,최연하,2018-08-23,김현미,경기천년 기록 아카이브,경기기록,8인의 작가,하늘에서 본 경기,풍경,
신병문-경기도 안성시 안성팜랜드_20180520- (1).jpg,M-A321318.jpg,M-A321318,경기도 안성시 안성팜랜드,사진류,image/jpeg,7191x4799,,2018-05-20,신병문,2018-08-07,최연하,2018-08-23,김현미,경기천년 기록 아카이브,경기기록,8인의 작가,하늘에서 본 경기,풍경,
신병문-경기도 안성시 안성팜랜드_20180520.jpg,M-A321319.jpg,M-A321319,경기도 안성시 안성팜랜드,사진류,image/jpeg,7360x4912,,2018-05-20,신병문,2018-08-07,최연하,2018-08-23,김현미,경기천년 기록 아카이브,경기기록,8인의 작가,하늘에서 본 경기,풍경,
신병문-경기도 안성시 안성팜랜드_20180520-.jpg,M-A321320.jpg,M-A321320,경기도 안성시 안성팜랜드,사진류,image/jpeg,7191x4799,,2018-05-20,신병문,2018-08-07,최연하,2018-08-23,김현미,경기천년 기록 아카이브,경기기록,8인의 작가,하늘에서 본 경기,풍경,
신병문-경기도 안성시 전경_20180520.jpg,M-A321321.jpg,M-A321321,경기도 안성시 전경,사진류,image/jpeg,7360x4912,,2018-05-20,신병문,2018-08-07,최연하,2018-08-23,김현미,경기천년 기록 아카이브,경기기록,8인의 작가,하늘에서 본 경기,풍경,
신병문-경기도 안성시 팜랜드 농협목장201412.jpg,M-A321322.jpg,M-A321322,경기도 안성시 팜랜드 농협목장,사진류,image/jpeg,7067x4716,,2014-12-22,신병문,2018-08-07,최연하,2018-08-23,김현미,경기천년 기록 아카이브,경기기록,8인의 작가,하늘에서 본 경기,풍경,
신병문-경기도 안양시_180616_071033_00021.jpg,M-A321323.jpg,M-A321323,경기도 안양시,사진류,image/jpeg,7360x4912,,2018-06-16,신병문,2018-08-07,최연하,2018-08-23,김현미,경기천년 기록 아카이브,경기기록,8인의 작가,하늘에서 본 경기,풍경,
신병문-경기도 양주시 고양시 도봉산 북한산_20180124.jpg,M-A321324.jpg,M-A321324,경기도 양주시 고양시 도봉산 북한산,사진류,image/jpeg,7137x4763,,2018-01-24,신병문,2018-08-07,최연하,2018-08-23,김현미,경기천년 기록 아카이브,경기기록,8인의 작가,하늘에서 본 경기,풍경,
신병문-경기도 양주시 고양시 도봉산 북한산_20180124-.jpg,M-A321325.jpg,M-A321325,경기도 양주시 고양시 도봉산 북한산,사진류,image/jpeg,7119x4751,,2018-01-24,신병문,2018-08-07,최연하,2018-08-23,김현미,경기천년 기록 아카이브,경기기록,8인의 작가,하늘에서 본 경기,풍경,
신병문-경기도 양주시 고양시 도봉산 북한산_20180124_.jpg,M-A321326.jpg,M-A321326,경기도 양주시 고양시 도봉산 북한산,사진류,image/jpeg,7360x4912,,2018-01-24,신병문,2018-08-07,최연하,2018-08-23,김현미,경기천년 기록 아카이브,경기기록,8인의 작가,하늘에서 본 경기,풍경,
신병문-경기도 양평군 201410.jpg,M-A321327.jpg,M-A321327,경기도 양평군 ,사진류,image/jpeg,6997x4669,,2014-10-23,신병문,2018-08-07,최연하,2018-08-23,김현미,경기천년 기록 아카이브,경기기록,8인의 작가,하늘에서 본 경기,풍경,
신병문-경기도 양평군 겨울산 201402.jpg,M-A321328.jpg,M-A321328,경기도 양평군 겨울산 ,사진류,image/jpeg,7360x4912,,2014-02-09,신병문,2018-08-07,최연하,2018-08-23,김현미,경기천년 기록 아카이브,경기기록,8인의 작가,하늘에서 본 경기,풍경,
신병문-경기도 양평군 두물머리201410 (1).jpg,M-A321329.jpg,M-A321329,경기도 양평군 두물머리,사진류,image/jpeg,7360x4912,,2014-10-28,신병문,2018-08-07,최연하,2018-08-23,김현미,경기천년 기록 아카이브,경기기록,8인의 작가,하늘에서 본 경기,풍경,
신병문-경기도 양평군 북한강 201306-03.jpg,M-A321330.jpg,M-A321330,경기도 양평군 북한강 ,사진류,image/jpeg,7360x4912,,2013-06-29,신병문,2018-08-07,최연하,2018-08-23,김현미,경기천년 기록 아카이브,경기기록,8인의 작가,하늘에서 본 경기,풍경,
신병문-경기도 양평군 용문사 설경 201402.jpg,M-A321331.jpg,M-A321331,경기도 양평군 용문사 설경,사진류,image/jpeg,7360x4906,,2014-02-09,신병문,2018-08-07,최연하,2018-08-23,김현미,경기천년 기록 아카이브,경기기록,8인의 작가,하늘에서 본 경기,풍경,
신병문-경기도 양평군 용문사201402.jpg,M-A321332.jpg,M-A321332,경기도 양평군 용문사,사진류,image/jpeg,7360x4907,,2014-02-09,신병문,2018-08-07,최연하,2018-08-23,김현미,경기천년 기록 아카이브,경기기록,8인의 작가,하늘에서 본 경기,풍경,
신병문-경기도 양평군 용문사201402-.jpg,M-A321333.jpg,M-A321333,경기도 양평군 용문사,사진류,image/jpeg,7360x4906,,2014-02-09,신병문,2018-08-07,최연하,2018-08-23,김현미,경기천년 기록 아카이브,경기기록,8인의 작가,하늘에서 본 경기,풍경,
신병문-경기도 양평군 한강201306.jpg,M-A321334.jpg,M-A321334,경기도 양평군 한강,사진류,image/jpeg,7360x4912,,2013-06-29,신병문,2018-08-07,최연하,2018-08-23,김현미,경기천년 기록 아카이브,경기기록,8인의 작가,하늘에서 본 경기,풍경,
신병문-경기도 양평군 한강201306-.jpg,M-A321335.jpg,M-A321335,경기도 양평군 한강,사진류,image/jpeg,7360x4912,,2013-06-29,신병문,2018-08-07,최연하,2018-08-23,김현미,경기천년 기록 아카이브,경기기록,8인의 작가,하늘에서 본 경기,풍경,
신병문-경기도 양평군 한강201306_.jpg,M-A321336.jpg,M-A321336,경기도 양평군 한강,사진류,image/jpeg,7360x4912,,2013-06-29,신병문,2018-08-07,최연하,2018-08-23,김현미,경기천년 기록 아카이브,경기기록,8인의 작가,하늘에서 본 경기,풍경,
신병문-경기도 양평군 한강201306-01.jpg,M-A321337.jpg,M-A321337,경기도 양평군 한강,사진류,image/jpeg,7360x4912,,2013-06-29,신병문,2018-08-07,최연하,2018-08-23,김현미,경기천년 기록 아카이브,경기기록,8인의 작가,하늘에서 본 경기,풍경,
신병문-경기도 양평군201402.jpg,M-A321338.jpg,M-A321338,경기도 양평군,사진류,image/jpeg,7246x4836,,2014-02-09,신병문,2018-08-07,최연하,2018-08-23,김현미,경기천년 기록 아카이브,경기기록,8인의 작가,하늘에서 본 경기,풍경,
신병문-경기도 여주군 1_201805.jpg,M-A321339.jpg,M-A321339,경기도 여주시 ,사진류,image/jpeg,7360x4912,,2017-09-03,신병문,2018-08-07,최연하,2018-08-23,김현미,경기천년 기록 아카이브,경기기록,8인의 작가,하늘에서 본 경기,풍경,
신병문-경기도 여주시 밭농사 원경6_201605.jpg,M-A321340.jpg,M-A321340,경기도 여주시 밭농사 원경 ,사진류,image/jpeg,7360x4912,,2016-05-01,신병문,2018-08-07,최연하,2018-08-23,김현미,경기천년 기록 아카이브,경기기록,8인의 작가,하늘에서 본 경기,풍경,
신병문-경기도 여주시 밭농사 전경 대각선_201605.jpg,M-A321341.jpg,M-A321341,경기도 여주시 밭농사 전경 대각선,사진류,image/jpeg,7155x4775,,2016-05-01,신병문,2018-08-07,최연하,2018-08-23,김현미,경기천년 기록 아카이브,경기기록,8인의 작가,하늘에서 본 경기,풍경,
신병문-경기도 여주시 밭농사 전경 대각선_201605-.jpg,M-A321342.jpg,M-A321342,경기도 여주시 밭농사 전경 대각선,사진류,image/jpeg,7360x4912,,2016-05-01,신병문,2018-08-07,최연하,2018-08-23,김현미,경기천년 기록 아카이브,경기기록,8인의 작가,하늘에서 본 경기,풍경,
신병문-경기도 여주시 밭농사 전경 대각선_201805.jpg,M-A321343.jpg,M-A321343,경기도 여주시 밭농사 전경 대각선,사진류,image/jpeg,7360x4912,,2016-05-01,신병문,2018-08-07,최연하,2018-08-23,김현미,경기천년 기록 아카이브,경기기록,8인의 작가,하늘에서 본 경기,풍경,
신병문-경기도 여주시 밭농사 전경 대각선_201805-.jpg,M-A321344.jpg,M-A321344,경기도 여주시 밭농사 전경 대각선,사진류,image/jpeg,7360x4912,,2016-05-01,신병문,2018-08-07,최연하,2018-08-23,김현미,경기천년 기록 아카이브,경기기록,8인의 작가,하늘에서 본 경기,풍경,
신병문-경기도 여주시 세종대왕릉 영릉201306.jpg,M-A321345.jpg,M-A321345,경기도 여주시 세종대왕릉 영릉,사진류,image/jpeg,7360x4912,,2013-06-30,신병문,2018-08-07,최연하,2018-08-23,김현미,경기천년 기록 아카이브,경기기록,8인의 작가,하늘에서 본 경기,풍경,
신병문-경기도 여주시 이포보 캠핑장_201605.jpg,M-A321346.jpg,M-A321346,경기도 여주시 이포보 캠핑장,사진류,image/jpeg,7360x4912,,2016-05-01,신병문,2018-08-07,최연하,2018-08-23,김현미,경기천년 기록 아카이브,경기기록,8인의 작가,하늘에서 본 경기,풍경,
신병문-경기도 연천군 _180124_101810_00050.jpg,M-A321347.jpg,M-A321347,경기도 연천군 ,사진류,image/jpeg,7360x4912,,2018-01-24,신병문,2018-08-07,최연하,2018-08-23,김현미,경기천년 기록 아카이브,경기기록,8인의 작가,하늘에서 본 경기,풍경,
신병문-경기도 연천군 _180124_101814_00051.jpg,M-A321348.jpg,M-A321348,경기도 연천군 ,사진류,image/jpeg,7013x4681,,2018-01-24,신병문,2018-08-07,최연하,2018-08-23,김현미,경기천년 기록 아카이브,경기기록,8인의 작가,하늘에서 본 경기,풍경,
신병문-경기도 연천군 전곡읍 한탄강_20180124.jpg,M-A321349.jpg,M-A321349,경기도 연천군 전곡읍 한탄강,사진류,image/jpeg,7360x4912,,2018-01-24,신병문,2018-08-07,최연하,2018-08-23,김현미,경기천년 기록 아카이브,경기기록,8인의 작가,하늘에서 본 경기,풍경,
신병문-경기도 용인시 동백지구_171013.jpg,M-A321350.jpg,M-A321350,경기도 용인시 동백지구,사진류,image/jpeg,7065x4715,,2017-10-13,신병문,2018-08-07,최연하,2018-08-23,김현미,경기천년 기록 아카이브,경기기록,8인의 작가,하늘에서 본 경기,풍경,
신병문-경기도 용인시 신갈저수지_20171013.jpg,M-A321351.jpg,M-A321351,경기도 용인시 신갈저수지,사진류,image/jpeg,7360x4912,,2017-10-13,신병문,2018-08-07,최연하,2018-08-23,김현미,경기천년 기록 아카이브,경기기록,8인의 작가,하늘에서 본 경기,풍경,
신병문-경기도 용인시 이동저수지 가뭄_201706.jpg,M-A321352.jpg,M-A321352,경기도 용인시 이동저수지 가뭄,사진류,image/jpeg,7360x4912,,2017-06-17,신병문,2018-08-07,최연하,2018-08-23,김현미,경기천년 기록 아카이브,경기기록,8인의 작가,하늘에서 본 경기,풍경,
신병문-경기도 용인시 이동저수지 가뭄_20170617.jpg,M-A321353.jpg,M-A321353,경기도 용인시 이동저수지 가뭄,사진류,image/jpeg,7360x4912,,2017-06-17,신병문,2018-08-07,최연하,2018-08-23,김현미,경기천년 기록 아카이브,경기기록,8인의 작가,하늘에서 본 경기,풍경,
신병문-경기도 용인시 이동저수지 가뭄_20170617_1.jpg,M-A321354.jpg,M-A321354,경기도 용인시 이동저수지 가뭄,사진류,image/jpeg,7360x4912,,2017-06-17,신병문,2018-08-07,최연하,2018-08-23,김현미,경기천년 기록 아카이브,경기기록,8인의 작가,하늘에서 본 경기,풍경,
신병문-경기도 의정부시_180124_105134_00057.jpg,M-A321355.jpg,M-A321355,경기도 의정부시,사진류,image/jpeg,4912x7360,,2018-01-24,신병문,2018-08-07,최연하,2018-08-23,김현미,경기천년 기록 아카이브,경기기록,8인의 작가,하늘에서 본 경기,풍경,
신병문-경기도 의정부시_180124_105548_00061.jpg,M-A321356.jpg,M-A321356,경기도 의정부시,사진류,image/jpeg,7360x4912,,2018-01-24,신병문,2018-08-07,최연하,2018-08-23,김현미,경기천년 기록 아카이브,경기기록,8인의 작가,하늘에서 본 경기,풍경,
신병문-경기도 이천시 _20180521_.jpg,M-A321357.jpg,M-A321357,경기도 이천시 ,사진류,image/jpeg,7360x4912,,2018-05-21,신병문,2018-08-07,최연하,2018-08-23,김현미,경기천년 기록 아카이브,경기기록,8인의 작가,하늘에서 본 경기,풍경,
신병문-경기도 이천시 경사리 산수유 201604.jpg,M-A321358.jpg,M-A321358,경기도 이천시 경사리 산수유 ,사진류,image/jpeg,7155x4775,,2016-04-01,신병문,2018-08-07,최연하,2018-08-23,김현미,경기천년 기록 아카이브,경기기록,8인의 작가,하늘에서 본 경기,풍경,
신병문-경기도 이천시 청미천_20180521_.jpg,M-A321359.jpg,M-A321359,경기도 이천시 청미천,사진류,image/jpeg,7360x4912,,2018-05-21,신병문,2018-08-07,최연하,2018-08-23,김현미,경기천년 기록 아카이브,경기기록,8인의 작가,하늘에서 본 경기,풍경,
신병문-경기도 이천시 청미천_20180521__02.jpg,M-A321360.jpg,M-A321360,경기도 이천시 청미천,사진류,image/jpeg,7360x4912,,2018-05-21,신병문,2018-08-07,최연하,2018-08-23,김현미,경기천년 기록 아카이브,경기기록,8인의 작가,하늘에서 본 경기,풍경,
신병문-경기도 이천시 하이닉스_20180521.jpg,M-A321361.jpg,M-A321361,경기도 이천시 하이닉스,사진류,image/jpeg,7360x4912,,2018-05-21,신병문,2018-08-07,최연하,2018-08-23,김현미,경기천년 기록 아카이브,경기기록,8인의 작가,하늘에서 본 경기,풍경,
신병문-경기도 인양시 _180616_070813_00022.jpg,M-A321362.jpg,M-A321362,경기도 안양시 ,사진류,image/jpeg,7173x4787,,2018-06-16,신병문,2018-08-07,최연하,2018-08-23,김현미,경기천년 기록 아카이브,경기기록,8인의 작가,하늘에서 본 경기,풍경,
신병문-경기도 파주시 연풍리_180124_095330_00069.jpg,M-A321363.jpg,M-A321363,경기도 파주시 연풍리,사진류,image/jpeg,7360x4912,,2018-01-24,신병문,2018-08-07,최연하,2018-08-23,김현미,경기천년 기록 아카이브,경기기록,8인의 작가,하늘에서 본 경기,풍경,
신병문-경기도 파주시 파평산_180124_100107_00070.jpg,M-A321364.jpg,M-A321364,경기도 파주시 파평산,사진류,image/jpeg,7360x4912,,2018-01-24,신병문,2018-08-07,최연하,2018-08-23,김현미,경기천년 기록 아카이브,경기기록,8인의 작가,하늘에서 본 경기,풍경,
신병문-경기도 파주시_180124_095532_00072.jpg,M-A321365.jpg,M-A321365,경기도 파주시,사진류,image/jpeg,7360x4912,,2018-01-24,신병문,2018-08-07,최연하,2018-08-23,김현미,경기천년 기록 아카이브,경기기록,8인의 작가,하늘에서 본 경기,풍경,
신병문-경기도 평택시 38번국도 서동대로_20180520.jpg,M-A321366.jpg,M-A321366,경기도 평택시 38번국도 서동대로,사진류,image/jpeg,7360x4912,,2018-05-20,신병문,2018-08-07,최연하,2018-08-23,김현미,경기천년 기록 아카이브,경기기록,8인의 작가,하늘에서 본 경기,풍경,
신병문-경기도 평택시 고속철도_20180520.jpg,M-A321367.jpg,M-A321367,경기도 평택시 고속철도,사진류,image/jpeg,7360x4912,,2018-05-20,신병문,2018-08-07,최연하,2018-08-23,김현미,경기천년 기록 아카이브,경기기록,8인의 작가,하늘에서 본 경기,풍경,
신병문-경기도 평택시 다랭이논 201209.jpg,M-A321368.jpg,M-A321368,경기도 평택시 다랭이논 ,사진류,image/jpeg,6048x4032,,2012-09-20,신병문,2018-08-07,최연하,2018-08-23,김현미,경기천년 기록 아카이브,경기기록,8인의 작가,하늘에서 본 경기,풍경,
신병문-경기도 평택시 삼성전자_201805.jpg,M-A321369.jpg,M-A321369,경기도 평택시 삼성전자,사진류,image/jpeg,7360x4912,,2018-05-20,신병문,2018-08-07,최연하,2018-08-23,김현미,경기천년 기록 아카이브,경기기록,8인의 작가,하늘에서 본 경기,풍경,
신병문-경기도 평택시 삼성전자_20180520.jpg,M-A321370.jpg,M-A321370,경기도 평택시 삼성전자,사진류,image/jpeg,7360x4912,,2018-05-20,신병문,2018-08-07,최연하,2018-08-23,김현미,경기천년 기록 아카이브,경기기록,8인의 작가,하늘에서 본 경기,풍경,
신병문-경기도 평택시 안성천_180520.jpg,M-A321371.jpg,M-A321371,경기도 평택시 안성천,사진류,image/jpeg,7360x4912,,2018-05-20,신병문,2018-08-07,최연하,2018-08-23,김현미,경기천년 기록 아카이브,경기기록,8인의 작가,하늘에서 본 경기,풍경,
신병문-경기도 평택시 안성천_20180520.jpg,M-A321372.jpg,M-A321372,경기도 평택시 안성천,사진류,image/jpeg,4912x7360,,2018-05-20,신병문,2018-08-07,최연하,2018-08-23,김현미,경기천년 기록 아카이브,경기기록,8인의 작가,하늘에서 본 경기,풍경,
신병문-경기도 평택시 전경 _20180520.jpg,M-A321373.jpg,M-A321373,경기도 평택시 전경 ,사진류,image/jpeg,7360x4912,,2018-05-20,신병문,2018-08-07,최연하,2018-08-23,김현미,경기천년 기록 아카이브,경기기록,8인의 작가,하늘에서 본 경기,풍경,
신병문-경기도 포천군 광덕산_180124_103254_00077.jpg,M-A321374.jpg,M-A321374,경기도 포천시 광덕산,사진류,image/jpeg,7360x4912,,2018-01-24,신병문,2018-08-07,최연하,2018-08-23,김현미,경기천년 기록 아카이브,경기기록,8인의 작가,하늘에서 본 경기,풍경,
신병문-경기도 포천군 광덕산_20180124.jpg,M-A321375.jpg,M-A321375,경기도 포천시 광덕산,사진류,image/jpeg,7360x4912,,2018-01-24,신병문,2018-08-07,최연하,2018-08-23,김현미,경기천년 기록 아카이브,경기기록,8인의 작가,하늘에서 본 경기,풍경,
신병문-경기도 포천군 남양주 광릉수목원계곡_180124_104827_00080.jpg,M-A321376.jpg,M-A321376,경기도 포천시 남양주 광릉수목원계곡,사진류,image/jpeg,7360x4912,,2018-01-24,신병문,2018-08-07,최연하,2018-08-23,김현미,경기천년 기록 아카이브,경기기록,8인의 작가,하늘에서 본 경기,풍경,
신병문-경기도 포천군 명성산 산정호수_20180124.jpg,M-A321377.jpg,M-A321377,경기도 포천시 명성산 산정호수,사진류,image/jpeg,7360x4912,,2018-01-24,신병문,2018-08-07,최연하,2018-08-23,김현미,경기천년 기록 아카이브,경기기록,8인의 작가,하늘에서 본 경기,풍경,
신병문-경기도 포천군 채석장201606_.JPG,M-A321378.jpg,M-A321378,경기도 포천시 채석장,사진류,image/jpeg,5000x3337,,,신병문,2018-08-07,최연하,2018-08-23,김현미,경기천년 기록 아카이브,경기기록,8인의 작가,하늘에서 본 경기,풍경,
신병문-경기도 포천군_180124_103958_00103.jpg,M-A321379.jpg,M-A321379,경기도 포천시,사진류,image/jpeg,7360x4912,,2018-01-24,신병문,2018-08-07,최연하,2018-08-23,김현미,경기천년 기록 아카이브,경기기록,8인의 작가,하늘에서 본 경기,풍경,
신병문-경기도 포천군_20180124_.jpg,M-A321380.jpg,M-A321380,경기도 포천시,사진류,image/jpeg,7360x4912,,2018-01-24,신병문,2018-08-07,최연하,2018-08-23,김현미,경기천년 기록 아카이브,경기기록,8인의 작가,하늘에서 본 경기,풍경,
신병문-경기도 포천군201309.jpg,M-A321381.jpg,M-A321381,경기도 포천시,사진류,image/jpeg,7360x4912,,2013-09-17,신병문,2018-08-07,최연하,2018-08-23,김현미,경기천년 기록 아카이브,경기기록,8인의 작가,하늘에서 본 경기,풍경,
신병문-경기도 하남시 미사지구_180616_065800_00023 (1).jpg,M-A321382.jpg,M-A321382,경기도 하남시 미사지구,사진류,image/jpeg,7360x4912,,2018-06-16,신병문,2018-08-07,최연하,2018-08-23,김현미,경기천년 기록 아카이브,경기기록,8인의 작가,하늘에서 본 경기,풍경,
신병문-경기도 하남시 미사지구_180616_065800_00023.jpg,M-A321383.jpg,M-A321383,경기도 하남시 미사지구,사진류,image/jpeg,7360x4912,,2018-06-16,신병문,2018-08-07,최연하,2018-08-23,김현미,경기천년 기록 아카이브,경기기록,8인의 작가,하늘에서 본 경기,풍경,
신병문-경기도 화성시 동탄 메타폴리스_20171013.jpg,M-A321384.jpg,M-A321384,경기도 화성시 동탄 메타폴리스,사진류,image/jpeg,7360x4912,,2017-10-13,신병문,2018-08-07,최연하,2018-08-23,김현미,경기천년 기록 아카이브,경기기록,8인의 작가,하늘에서 본 경기,풍경,
신병문-경기도 화성시 송산간척지 201207.jpg,M-A321385.jpg,M-A321385,경기도 화성시 송산간척지 ,사진류,image/jpeg,6048x4032,,2012-07-01,신병문,2018-08-07,최연하,2018-08-23,김현미,경기천년 기록 아카이브,경기기록,8인의 작가,하늘에서 본 경기,풍경,
신병문-경기도 화성시 시화호간척지_20180429.jpg,M-A321386.jpg,M-A321386,경기도 화성시 시화호간척지,사진류,image/jpeg,7360x4912,,2018-04-29,신병문,2018-08-07,최연하,2018-08-23,김현미,경기천년 기록 아카이브,경기기록,8인의 작가,하늘에서 본 경기,풍경,
신병문-경기도 화성시 장안면 발안천 201710.jpg,M-A321387.jpg,M-A321387,경기도 화성시 장안면 발안천 ,사진류,image/jpeg,7209x4811,,2017-10-15,신병문,2018-08-07,최연하,2018-08-23,김현미,경기천년 기록 아카이브,경기기록,8인의 작가,하늘에서 본 경기,풍경,
신병문-경기도 화성시 전곡항201411.jpg,M-A321388.jpg,M-A321388,경기도 화성시 전곡항,사진류,image/jpeg,7360x4912,,2014-11-10,신병문,2018-08-07,최연하,2018-08-23,김현미,경기천년 기록 아카이브,경기기록,8인의 작가,하늘에서 본 경기,풍경,
신병문-경기도 화성시 제부도 갯벌 201209.jpg,M-A321389.jpg,M-A321389,경기도 화성시 제부도 갯벌 ,사진류,image/jpeg,6048x4032,,2012-09-02,신병문,2018-08-07,최연하,2018-08-23,김현미,경기천년 기록 아카이브,경기기록,8인의 작가,하늘에서 본 경기,풍경,
신병문-경기도 화성시 제부도 갯벌 201209-.jpg,M-A321390.jpg,M-A321390,경기도 화성시 제부도 갯벌 ,사진류,image/jpeg,6048x4032,,2012-09-02,신병문,2018-08-07,최연하,2018-08-23,김현미,경기천년 기록 아카이브,경기기록,8인의 작가,하늘에서 본 경기,풍경,
신병문-신병문-경기도 포천군 명성산 산정호수_20180124.jpg,M-A321391.jpg,M-A321391,신병문-경기도 포천시 명성산 산정호수,사진류,image/jpeg,7360x4912,,2018-01-24,신병문,2018-08-07,최연하,2018-08-23,김현미,경기천년 기록 아카이브,경기기록,8인의 작가,하늘에서 본 경기,풍경,
신병문-신병문-경기도 포천군_20180124_.jpg,M-A321392.jpg,M-A321392,신병문-경기도 포천시,사진류,image/jpeg,7360x4912,,2018-01-24,신병문,2018-08-07,최연하,2018-08-23,김현미,경기천년 기록 아카이브,경기기록,8인의 작가,하늘에서 본 경기,풍경,
부천_20180521_건영캐스빌_임수식.jpg,M-A321393.jpg,M-A321393,부천 건영캐스빌,사진류,image/jpeg,9168x11460,,2018-05-21,임수식,2018-08-07,최연하,2018-08-23,김현미,경기천년 기록 아카이브,경기기록,8인의 작가,도시의 탄생,풍경,
부천_20180521_동성아파트_임수식.jpg,M-A321394.jpg,M-A321394,부천 동성아파트,사진류,image/jpeg,9449x11811,,2018-05-21,임수식,2018-08-07,최연하,2018-08-23,김현미,경기천년 기록 아카이브,경기기록,8인의 작가,도시의 탄생,풍경,
부천_20180521_신안상가_임수식.jpg,M-A321395.jpg,M-A321395,부천 신안상가,사진류,image/jpeg,9449x11811,,2018-05-21,임수식,2018-08-07,최연하,2018-08-23,김현미,경기천년 기록 아카이브,경기기록,8인의 작가,도시의 탄생,풍경,
부천_20180521_청구상가_임수식.jpg,M-A321396.jpg,M-A321396,부천 청구상가,사진류,image/jpeg,9449x11811,,2018-05-21,임수식,2018-08-07,최연하,2018-08-23,김현미,경기천년 기록 아카이브,경기기록,8인의 작가,도시의 탄생,풍경,
부천_20180530_무지개마을자이_임수식.jpg,M-A321397.jpg,M-A321397,부천 무지개마을자이,사진류,image/jpeg,9449x11811,,2018-05-30,임수식,2018-08-07,최연하,2018-08-23,김현미,경기천년 기록 아카이브,경기기록,8인의 작가,도시의 탄생,풍경,
부천_20180607_그린타운우성_임수식.jpg,M-A321398.jpg,M-A321398,부천 그린타운우성,사진류,image/jpeg,9449x11811,,2018-06-07,임수식,2018-08-07,최연하,2018-08-23,김현미,경기천년 기록 아카이브,경기기록,8인의 작가,도시의 탄생,풍경,
부천_20180607_중동롯데_임수식.jpg,M-A321399.jpg,M-A321399,부천 중동롯데,사진류,image/jpeg,9449x11811,,2018-06-07,임수식,2018-08-07,최연하,2018-08-23,김현미,경기천년 기록 아카이브,경기기록,8인의 작가,도시의 탄생,풍경,
분당_20180522_시범단지우성_임수식.jpg,M-A321400.jpg,M-A321400,분당 시범단지우성,사진류,image/jpeg,9449x11811,,2018-05-22,임수식,2018-08-07,최연하,2018-08-23,김현미,경기천년 기록 아카이브,경기기록,8인의 작가,도시의 탄생,풍경,
산본_20180529_무궁화아파트_임수식.jpg,M-A321401.jpg,M-A321401,산본 무궁화아파트,사진류,image/jpeg,9449x11811,,2018-05-29,임수식,2018-08-07,최연하,2018-08-23,김현미,경기천년 기록 아카이브,경기기록,8인의 작가,도시의 탄생,풍경,
산본_20180529_한성목화_임수식.jpg,M-A321402.jpg,M-A321402,산본 한성목화,사진류,image/jpeg,9214x11517,,2018-05-29,임수식,2018-08-07,최연하,2018-08-23,김현미,경기천년 기록 아카이브,경기기록,8인의 작가,도시의 탄생,풍경,
산본_20180529_한성목화아파트_임수식.jpg,M-A321403.jpg,M-A321403,산본 한성목화아파트,사진류,image/jpeg,9425x11781,,2018-05-29,임수식,2018-08-07,최연하,2018-08-23,김현미,경기천년 기록 아카이브,경기기록,8인의 작가,도시의 탄생,풍경,
일산_20180522_8단지럭키롯데_임수식.jpg,M-A321404.jpg,M-A321404,일산 8단지럭키롯데,사진류,image/jpeg,9449x11811,,2018-05-22,임수식,2018-08-07,최연하,2018-08-23,김현미,경기천년 기록 아카이브,경기기록,8인의 작가,도시의 탄생,풍경,
일산_20180522_강선19단지_임수식.jpg,M-A321405.jpg,M-A321405,일산 강선19단지,사진류,image/jpeg,9449x11811,,2018-05-22,임수식,2018-08-07,최연하,2018-08-23,김현미,경기천년 기록 아카이브,경기기록,8인의 작가,도시의 탄생,풍경,
일산_20180522_강선1단지_임수식.jpg,M-A321406.jpg,M-A321406,일산 강선1단지,사진류,image/jpeg,9449x11811,,2018-05-22,임수식,2018-08-07,최연하,2018-08-23,김현미,경기천년 기록 아카이브,경기기록,8인의 작가,도시의 탄생,풍경,
일산_20180522_라이프2단지_임수식.jpg,M-A321407.jpg,M-A321407,일산 라이프2단지,사진류,image/jpeg,9449x11811,,2018-05-22,임수식,2018-08-07,최연하,2018-08-23,김현미,경기천년 기록 아카이브,경기기록,8인의 작가,도시의 탄생,풍경,
일산_20180522_백송마을5단지_임수식.jpg,M-A321408.jpg,M-A321408,일산 백송마을5단지,사진류,image/jpeg,9449x11811,,2018-05-22,임수식,2018-08-07,최연하,2018-08-23,김현미,경기천년 기록 아카이브,경기기록,8인의 작가,도시의 탄생,풍경,
일산_20180522_삼환7단지_임수식.jpg,M-A321409.jpg,M-A321409,일산 삼환7단지,사진류,image/jpeg,9449x11811,,2018-05-22,임수식,2018-08-07,최연하,2018-08-23,김현미,경기천년 기록 아카이브,경기기록,8인의 작가,도시의 탄생,풍경,
일산_20180522_신우아파트_임수식.jpg,M-A321410.jpg,M-A321410,일산 신우아파트,사진류,image/jpeg,9449x11811,,2018-05-22,임수식,2018-08-07,최연하,2018-08-23,김현미,경기천년 기록 아카이브,경기기록,8인의 작가,도시의 탄생,풍경,
일산_20180522_한신3단지_임수식.jpg,M-A321411.jpg,M-A321411,일산 한신3단지,사진류,image/jpeg,9449x11811,,2018-05-22,임수식,2018-08-07,최연하,2018-08-23,김현미,경기천년 기록 아카이브,경기기록,8인의 작가,도시의 탄생,풍경,
일산_20180522_후곡7단지_임수식.jpg,M-A321412.jpg,M-A321412,일산 후곡7단지,사진류,image/jpeg,9449x11811,,2018-05-22,임수식,2018-08-07,최연하,2018-08-23,김현미,경기천년 기록 아카이브,경기기록,8인의 작가,도시의 탄생,풍경,
광명_0524_Road No.1_조준용.tif,M-A321413.tif,M-A321413,광명 Road No.1,사진류,image/tiff,2667x4000,,2018-05-25,조준용,2018-08-07,최연하,2018-08-23,김현미,경기천년 기록 아카이브,경기기록,8인의 작가,경기1번국도,풍경,
삼송_0530_Road No.1_조준용.tif,M-A321414.tif,M-A321414,삼송 Road No.1,사진류,image/tiff,4000x2667,,2018-05-30,조준용,2018-08-07,최연하,2018-08-23,김현미,경기천년 기록 아카이브,경기기록,8인의 작가,경기1번국도,풍경,
송탄_0511_Road No.1_조준용.tif,M-A321415.tif,M-A321415,송탄 Road No.1,사진류,image/tiff,4000x2667,,2018-05-11,조준용,2018-08-07,최연하,2018-08-23,김현미,경기천년 기록 아카이브,경기기록,8인의 작가,경기1번국도,풍경,
파주_0523_Road No.1_조준용.tif,M-A321416.tif,M-A321416,파주 Road No.1,사진류,image/tiff,4000x2667,,2018-05-23,조준용,2018-08-07,최연하,2018-08-23,김현미,경기천년 기록 아카이브,경기기록,8인의 작가,경기1번국도,풍경,
평택01_0510_Road No.1_조준용.tif,M-A321417.tif,M-A321417,평택 Road No.1,사진류,image/tiff,4000x2667,,2018-05-10,조준용,2018-08-07,최연하,2018-08-23,김현미,경기천년 기록 아카이브,경기기록,8인의 작가,경기1번국도,풍경,
